category,company,location,start_date,duration,stipend,apply_by,applicants,skills_required,perks,openings,link
Campus Ambassador,IIT Delhi- Rendezvous,"Work From Home,",Immediately,2 Months,Performance Based,3 Feb' 23,0.0,"Digital Marketing,Social Media Marketing,","Certificate,Flexible work hours,",100.0,https://internshala.com/internship/detail/campus-ambassador-programme-at-iit-delhi-rendezvous1673959301
Molecular Biology,Indian Institute Of Science,"Bangalore,",Immediately,6 Months,Unpaid,24 Jan' 23,160.0,,"Certificate,",1.0,https://internshala.com/internship/detail/molecular-biology-internship-in-bangalore-at-indian-institute-of-science1673314334
Campus Ambassador,"Tryst, IIT Delhi","Work From Home,",Immediately,2 Months,Performance Based,31 Jan' 23,0.0,,"Certificate,Flexible work hours,",1000.0,https://internshala.com/internship/detail/campus-ambassador-programme-at-tryst-iit-delhi1671353036
Fundraising,Jankalyan Multipurpose Education Society,"Work From Home,",Immediately,1 Week,Unpaid,4 Feb' 23,0.0,,"Certificate,Letter of recommendation,Flexible work hours,",20.0,https://internshala.com/internship/detail/fundraising-work-from-home-job-internship-at-jankalyan-multipurpose-education-society1674277295
Campus Ambassador,Qriteeq,"Work From Home,",Immediately,1 Month,Performance Based,3 Feb' 23,0.0,"English Proficiency (Spoken),English Proficiency (Written),Social Media Marketing,",,4.0,https://internshala.com/internship/detail/campus-ambassador-programme-at-qriteeq1674157740
Campus Ambassador,MastersBuddy,"Work From Home,",Immediately,2 Weeks,Performance Based,3 Feb' 23,0.0,"Content Marketing,Digital Marketing,Email Marketing,Instagram Marketing,Sales and Marketing,","Certificate,Letter of recommendation,Flexible work hours,5 days a week,",20.0,https://internshala.com/internship/detail/campus-ambassador-programme-at-mastersbuddy1674130788
Fundraising,Youth Empowerment Foundation,"Bangalore,",Immediately,3 Weeks,Unpaid,2 Feb' 23,0.0,,"Certificate,Letter of recommendation,Flexible work hours,",20.0,https://internshala.com/internship/detail/fundraising-internship-in-bangalore-at-youth-empowerment-foundation1674072692
Campus Ambassador,Qriteeq,"Work From Home,",Immediately,1 Month,Performance Based,3 Feb' 23,0.0,"English Proficiency (Spoken),English Proficiency (Written),Social Media Marketing,",,4.0,https://internshala.com/internship/detail/campus-ambassador-programme-at-qriteeq1674157740
Campus Ambassador,MastersBuddy,"Ahmedabad, Surat, Mumbai, Noida, Chandigarh,",Immediately,1 Month,Performance Based,3 Feb' 23,0.0,"Business Research,Content Marketing,Digital Marketing,Email Marketing,Facebook Marketing,Instagram Marketing,LinkedIn Marketing,MS-Excel,MS-Office,MS-PowerPoint,Social Media Marketing,","Certificate,Letter of recommendation,Flexible work hours,5 days a week,",25.0,https://internshala.com/internship/detail/campus-ambassador-programme-at-mastersbuddy1671627605
Human Resources (HR),Youth Empowerment Foundation,"Ranchi,",Immediately,3 Months,Unpaid,1 Feb' 23,0.0,,"Certificate,Flexible work hours,",10.0,https://internshala.com/internship/detail/human-resources-hr-part-time-job-internship-at-ranchi-in-youth-empowerment-foundation1674056719
Human Resources (HR),Youth Empowerment Foundation,"Delhi,",Immediately,2 Months,Unpaid,1 Feb' 23,26.0,,"Certificate,Letter of recommendation,Flexible work hours,",20.0,https://internshala.com/internship/detail/human-resources-hr-internship-in-delhi-at-youth-empowerment-foundation1674056647
Human Resources (HR),Youth Empowerment Foundation,"Lucknow,",Immediately,3 Months,Unpaid,1 Feb' 23,0.0,,"Certificate,Flexible work hours,",10.0,https://internshala.com/internship/detail/human-resources-hr-part-time-job-internship-at-lucknow-in-youth-empowerment-foundation1674056682
Human Resources (HR),Youth Empowerment Foundation,"Chennai,",Immediately,3 Months,Unpaid,1 Feb' 23,0.0,,"Certificate,Flexible work hours,",10.0,https://internshala.com/internship/detail/human-resources-hr-part-time-job-internship-at-chennai-in-youth-empowerment-foundation1674056740
Campus Ambassador,Blackcoffer,"Delhi, Pune, Bangalore, Mumbai, Jaipur, Noida,",Immediately,6 Months,Performance Based,31 Jan' 23,0.0,"English Proficiency (Spoken),English Proficiency (Written),Social Media Marketing,","Certificate,Letter of recommendation,Flexible work hours,",10.0,https://internshala.com/internship/detail/campus-ambassador-programme-at-blackcoffer1673876049
Human Resources (HR),Youth Empowerment Foundation,"Hyderabad,",Immediately,3 Months,Unpaid,1 Feb' 23,31.0,,"Certificate,Flexible work hours,",10.0,https://internshala.com/internship/detail/human-resources-hr-part-time-job-internship-at-hyderabad-in-youth-empowerment-foundation1674056760
Social Work,InAmigos Foundation,"Work From Home,",Immediately,3 Weeks,Unpaid,3 Feb' 23,28.0,"English Proficiency (Spoken),","Certificate,Letter of recommendation,Flexible work hours,5 days a week,",10.0,https://internshala.com/internship/detail/social-work-work-from-home-job-internship-at-inamigos-foundation1674162356
Volunteer Ambassador,Meer Foundation,"Work From Home,",Immediately,3 Months,Unpaid,4 Feb' 23,0.0,,"Letter of recommendation,Flexible work hours,",4.0,https://internshala.com/internship/detail/volunteer-ambassador-work-from-home-job-internship-at-meer-foundation1674212657
Curriculum Or Content Creation/Designing,Learning Initiatives For India,"Work From Home,",Immediately,3 Months,Unpaid,4 Feb' 23,0.0,"Creative Writing,Hindi Proficiency (Spoken),Hindi Proficiency (Written),MS-Office,","Certificate,Letter of recommendation,Flexible work hours,",2.0,https://internshala.com/internship/detail/curriculum-or-content-creation-designing-work-from-home-job-internship-at-learning-initiatives-for-india1674226444
Law/Legal,Sabr Foundation,"Work From Home,",Immediately,1 Month,Unpaid,4 Feb' 23,0.0,"English Proficiency (Spoken),English Proficiency (Written),MS-Word,","Certificate,Letter of recommendation,Flexible work hours,5 days a week,",90.0,https://internshala.com/internship/detail/law-legal-work-from-home-job-internship-at-sabr-foundation1674220767
Social Media Marketing,Itra Foundation,"Work From Home,",Immediately,3 Months,Unpaid,3 Feb' 23,0.0,"Facebook Marketing,Instagram Marketing,LinkedIn Marketing,Social Media Marketing,","Certificate,Letter of recommendation,Flexible work hours,5 days a week,",50.0,https://internshala.com/internship/detail/social-media-marketing-work-from-home-job-internship-at-itra-foundation1674199695
Social Media Marketing,Kshitiksha Foundation,"Work From Home,",Immediately,1 Month,Unpaid,3 Feb' 23,0.0,,"Certificate,Letter of recommendation,Flexible work hours,5 days a week,",50.0,https://internshala.com/internship/detail/social-media-marketing-work-from-home-job-internship-at-kshitiksha-foundation1674187191
Campus Ambassador,Edvoy,"Delhi, Ghaziabad, Gurgaon, Greater Noida, Noida,",Immediately,3 Months,Performance Based,3 Feb' 23,0.0,"Social Media Marketing,","Certificate,Letter of recommendation,Flexible work hours,",8.0,https://internshala.com/internship/detail/campus-ambassador-programme-at-edvoy1674222618
Marketing,Suvidha Foundation,"Work From Home,",Immediately,4 Weeks,Unpaid,3 Feb' 23,0.0,"Sales and Marketing,","Certificate,Letter of recommendation,Flexible work hours,",8.0,https://internshala.com/internship/detail/marketing-work-from-home-job-internship-at-suvidha-foundation1673956761
Campus Ambassador,"Xpecto, IIT Mandi","Work From Home,",Immediately,1 Month,Performance Based,3 Feb' 23,0.0,,"Certificate,Flexible work hours,",20.0,https://internshala.com/internship/detail/campus-ambassador-programme-at-xpecto-iit-mandi1673801622
Campus Ambassador,IIT Roorkee,"Work From Home,",Immediately,2 Months,Performance Based,3 Feb' 23,0.0,,"Certificate,Letter of recommendation,Flexible work hours,",150.0,https://internshala.com/internship/detail/campus-ambassador-programme-at-iit-roorkee1674077409
Campus Ambassador,Pump App,"Work From Home,",Immediately,2 Months,Performance Based,3 Feb' 23,0.0,,"Certificate,Letter of recommendation,Flexible work hours,",25.0,https://internshala.com/internship/detail/campus-ambassador-programme-at-pump-app1674055413
Campus Ambassador,Flairboat,"Work From Home,",Immediately,1 Month,Performance Based,3 Feb' 23,0.0,,"Certificate,Letter of recommendation,Flexible work hours,5 days a week,",100.0,https://internshala.com/internship/detail/campus-ambassador-programme-at-flairboat1674138617
Campus Ambassador,Zavops,"Work From Home,",Immediately,3 Months,Performance Based,3 Feb' 23,0.0,"Digital Marketing,Social Media Marketing,","Certificate,Letter of recommendation,Flexible work hours,",5.0,https://internshala.com/internship/detail/campus-ambassador-programme-at-zavops1674097706
Campus Ambassador,Y2KA1 Media,"Work From Home,",Immediately,3 Months,Performance Based,3 Feb' 23,0.0,"Adobe Photoshop,Email Marketing,Facebook Marketing,Marketing Campaigns,","Certificate,Letter of recommendation,Flexible work hours,5 days a week,",200.0,https://internshala.com/internship/detail/campus-ambassador-programme-at-y2ka1-media1674043159
Graphic Design,Optasia Foundation,"Work From Home,",Immediately,2 Months,Unpaid,3 Feb' 23,0.0,,"Certificate,Letter of recommendation,Flexible work hours,5 days a week,",6.0,https://internshala.com/internship/detail/graphic-design-work-from-home-job-internship-at-optasia-foundation1674154272
Campus Ambassador,Live Bindas,"Work From Home,",Immediately,1 Month,Performance Based,3 Feb' 23,0.0,"Content Marketing,Digital Marketing,English Proficiency (Written),Fashion Designing,","Certificate,Letter of recommendation,Flexible work hours,5 days a week,",4.0,https://internshala.com/internship/detail/campus-ambassador-programme-at-live-bindas1674042478
Campus Ambassador,Viden.io,"Work From Home,",Immediately,1 Month,Performance Based,3 Feb' 23,0.0,,"Certificate,Flexible work hours,5 days a week,",6.0,https://internshala.com/internship/detail/campus-ambassador-programme-at-videnio1674026972
Fundraising,Tomorrowsmith Foundation,"Work From Home,",Immediately,3 Months,Unpaid,3 Feb' 23,0.0,"English Proficiency (Spoken),English Proficiency (Written),","Certificate,Letter of recommendation,Flexible work hours,5 days a week,",20.0,https://internshala.com/internship/detail/fundraising-work-from-home-job-internship-at-tomorrowsmith-foundation1674134630
Whatsapp Community Coordination,Tomorrowsmith Foundation,"Work From Home,",Immediately,6 Months,Unpaid,3 Feb' 23,0.0,,"Certificate,Letter of recommendation,Flexible work hours,5 days a week,",2.0,https://internshala.com/internship/detail/whatsapp-community-coordination-work-from-home-job-internship-at-tomorrowsmith-foundation1674197058
Campus Ambassador,Shraddha Umrao,"Work From Home,",Immediately,3 Months,Performance Based,3 Feb' 23,0.0,"English Proficiency (Spoken),Social Media Marketing,","Certificate,Letter of recommendation,Flexible work hours,",2.0,https://internshala.com/internship/detail/campus-ambassador-programme-at-shraddha-umrao1673775880
Human Resources (HR),Utkrish Bharat Foundation,"Work From Home,",Immediately,3 Months,Unpaid,3 Feb' 23,0.0,"English Proficiency (Spoken),English Proficiency (Written),MS-Excel,MS-Office,MS-Word,","Certificate,Letter of recommendation,Flexible work hours,5 days a week,",5.0,https://internshala.com/internship/detail/human-resources-hr-work-from-home-job-internship-at-utkrish-bharat-foundation1674108458
Social Work,Roots Foundation,"Work From Home,",Immediately,1 Month,Unpaid,3 Feb' 23,0.0,"Blogging,Content Writing,English Proficiency (Spoken),English Proficiency (Written),Research and Analytics,Social Media Marketing,","Certificate,Letter of recommendation,Flexible work hours,",5.0,https://internshala.com/internship/detail/social-work-work-from-home-job-internship-at-roots-foundation1674125297
Business Development (Sales),Jankalyan Multipurpose Education Society,"Work From Home,",Immediately,1 Week,Unpaid,3 Feb' 23,48.0,,"Certificate,Letter of recommendation,Flexible work hours,",20.0,https://internshala.com/internship/detail/business-development-sales-work-from-home-job-internship-at-jankalyan-multipurpose-education-society1674190867
Teaching,Shakuntala Poddar Welfare Foundation,"Delhi,",Immediately,3 Months,Unpaid,3 Feb' 23,0.0,"English Proficiency (Spoken),English Proficiency (Written),Hindi Proficiency (Spoken),Hindi Proficiency (Written),Interpersonal Skills,MS-Office,MS-Word,Teaching,","Certificate,Letter of recommendation,",5.0,https://internshala.com/internship/detail/teaching-part-time-job-internship-at-delhi-in-shakuntala-poddar-welfare-foundation1674139985
General Management,Tomorrowsmith Foundation,"Work From Home,",Immediately,6 Months,Unpaid,3 Feb' 23,0.0,"Business Research,English Proficiency (Spoken),English Proficiency (Written),Google Suite (G Suite),Google Workspace,MS-Excel,MS-Office,MS-PowerPoint,MS-Word,Social Media Marketing,","Certificate,Letter of recommendation,Flexible work hours,5 days a week,Job offer,",2.0,https://internshala.com/internship/detail/general-management-work-from-home-job-internship-at-tomorrowsmith-foundation1674134539
Teaching,Jeevan Jaagrati Foundation,"Work From Home,",Immediately,4 Months,Unpaid,3 Feb' 23,0.0,,"Certificate,Letter of recommendation,Flexible work hours,",4.0,https://internshala.com/internship/detail/teaching-work-from-home-job-internship-at-jeevan-jaagrati-foundation1674129267
Medicine,MedBound,"Work From Home,",Immediately,2 Weeks,Unpaid,2 Feb' 23,28.0,,"Certificate,Letter of recommendation,",7.0,https://internshala.com/internship/detail/medicine-work-from-home-job-internship-at-medbound1674020000
Content Writing,Koru Foundation,"Work From Home,",Immediately,3 Months,Unpaid,2 Feb' 23,0.0,"Content Writing,Creative Writing,","Certificate,Letter of recommendation,Flexible work hours,",4.0,https://internshala.com/internship/detail/content-writing-work-from-home-job-internship-at-koru-foundation1674151551
Content Creation (Mental Health Awareness),Speak Your Mind With Jatin,"Work From Home,",Immediately,3 Months,Unpaid,2 Feb' 23,0.0,"Acting Audition,Adobe Creative Suite,Audio Editing,Instagram Marketing,Video Editing,","Certificate,Letter of recommendation,Flexible work hours,",5.0,https://internshala.com/internship/detail/content-creation-mental-health-awareness-work-from-home-job-internship-at-speak-your-mind-with-jatin1674107832
Computer Training,Flying Boat Foundation,"Delhi,",Immediately,3 Months,Unpaid,2 Feb' 23,0.0,"Accounting,MS-Excel,MS-Office,MS-PowerPoint,MS-Word,Tally,","Certificate,Letter of recommendation,Informal dress code,",10.0,https://internshala.com/internship/detail/computer-training-internship-in-delhi-at-flying-boat-foundation1674149972
Law/Legal,Demeterali Legal,"Delhi, South,",Immediately,2 Months,Unpaid,2 Feb' 23,0.0,"English Proficiency (Spoken),English Proficiency (Written),MS-Office,MS-Word,","Certificate,Letter of recommendation,5 days a week,Free snacks & beverages,",4.0,https://internshala.com/internship/detail/law-legal-internship-in-delhi-south-at-demeterali-legal1674118128
Law/Legal,Harison And Associates,"Work From Home,",Immediately,1 Month,Unpaid,2 Feb' 23,100.0,"English Proficiency (Spoken),English Proficiency (Written),MS-Office,MS-Word,","Certificate,Letter of recommendation,Flexible work hours,5 days a week,",10.0,https://internshala.com/internship/detail/law-legal-work-from-home-job-internship-at-harison-and-associates1674109039
Graphic Design,Speak Your Mind With Jatin,"Work From Home,",Immediately,3 Months,Unpaid,2 Feb' 23,0.0,"Adobe Creative Suite,","Certificate,Letter of recommendation,Flexible work hours,",3.0,https://internshala.com/internship/detail/graphic-design-work-from-home-job-internship-at-speak-your-mind-with-jatin1674121536
Legal Research,Krsh Welfare Foundation,"Work From Home,",Immediately,1 Month,Unpaid,2 Feb' 23,38.0,"Research and Analytics,","Certificate,Letter of recommendation,Flexible work hours,5 days a week,",5.0,https://internshala.com/internship/detail/legal-research-work-from-home-job-internship-at-krsh-welfare-foundation1674053917
Teaching (Online),Shivanjali,"Work From Home,",Immediately,1 Month,Unpaid,2 Feb' 23,34.0,"English Proficiency (Spoken),English Proficiency (Written),Hindi Proficiency (Spoken),Online Teaching,Teaching,","Certificate,Letter of recommendation,Flexible work hours,5 days a week,",2.0,https://internshala.com/internship/detail/teaching-online-work-from-home-job-internship-at-shivanjali1674110273
Law/Legal,Lexpeeps.in,"Work From Home,",Immediately,1 Month,Unpaid,2 Feb' 23,0.0,,"Certificate,Flexible work hours,Job offer,",12.0,https://internshala.com/internship/detail/law-legal-work-from-home-job-internship-at-lexpeepsin1674051418
Law/Legal,Clergy &amp; Wisemen (Advocates-Solicitors-Consultants),"Delhi,",Immediately,1 Month,Unpaid,2 Feb' 23,28.0,,"Certificate,Letter of recommendation,Free snacks & beverages,",3.0,https://internshala.com/internship/detail/law-legal-internship-in-delhi-at-clergy-wisemen-advocates-solicitors-consultants1674040140
Law/Legal,Pritesh Bansod &amp; Associates,"Mumbai,",Immediately,6 Months,Unpaid,2 Feb' 23,0.0,"MS-Office,",,2.0,https://internshala.com/internship/detail/law-legal-internship-in-mumbai-at-pritesh-bansod-associates1674108718
Law/Legal,NK Law- AOR Office,"Delhi,",Immediately,1 Month,Unpaid,2 Feb' 23,36.0,"English Proficiency (Spoken),English Proficiency (Written),MS-Office,Research and Analytics,","Certificate,Letter of recommendation,5 days a week,",1.0,https://internshala.com/internship/detail/law-legal-internship-in-delhi-at-nk-law-aor-office1674106813
Social Media Marketing - UDID Camps,Disability NGOs Alliance,"Work From Home,",Immediately,3 Months,Unpaid,2 Feb' 23,0.0,"Content Writing,Operations,","Certificate,Flexible work hours,",30.0,https://internshala.com/internship/detail/social-media-marketing-udid-camps-work-from-home-job-internship-at-disability-ngos-alliance1674106511
Law/Legal,Baby Rani,"Delhi,",Immediately,3 Months,Unpaid,2 Feb' 23,0.0,,"Certificate,Letter of recommendation,Free snacks & beverages,",2.0,https://internshala.com/internship/detail/law-legal-part-time-job-internship-at-delhi-in-baby-rani1674105790
Law/Legal,Supreme Law Chamber,"Delhi,",Immediately,6 Months,Unpaid,2 Feb' 23,0.0,"MS-Word,","Certificate,",3.0,https://internshala.com/internship/detail/law-legal-part-time-job-internship-at-delhi-in-supreme-law-chamber1674043259
Content Writing,Mendlife Foundation,"Work From Home,",Immediately,3 Months,Unpaid,2 Feb' 23,0.0,"Creative Writing,Digital Marketing,English Proficiency (Spoken),English Proficiency (Written),Social Media Marketing,","Certificate,Letter of recommendation,Flexible work hours,5 days a week,",20.0,https://internshala.com/internship/detail/content-writing-work-from-home-job-internship-at-mendlife-foundation1674061007
Social Media Marketing,Mendlife Foundation,"Work From Home,",Immediately,3 Months,Unpaid,2 Feb' 23,0.0,"Digital Marketing,English Proficiency (Spoken),English Proficiency (Written),Social Media Marketing,","Certificate,Letter of recommendation,Flexible work hours,5 days a week,",10.0,https://internshala.com/internship/detail/social-media-marketing-work-from-home-job-internship-at-mendlife-foundation1674060628
Graphic Design/Photographer/Videographer,Sachhi Saheli,"Work From Home,",Immediately,2 Weeks,Unpaid,2 Feb' 23,0.0,,"Certificate,",10.0,https://internshala.com/internship/detail/graphic-design-photographer-videographer-work-from-home-job-internship-at-sachhi-saheli1674032301
Volunteering,Voice Vision,"Work From Home,",Immediately,6 Months,Unpaid,2 Feb' 23,0.0,"English Proficiency (Spoken),English Proficiency (Written),Hindi Proficiency (Spoken),Hindi Proficiency (Written),MS-Excel,MS-Office,MS-PowerPoint,Video Editing,","Certificate,Letter of recommendation,Flexible work hours,",30.0,https://internshala.com/internship/detail/volunteering-work-from-home-job-internship-at-voice-vision1674045019
Law/Legal,WeDidIt,"Work From Home,",Immediately,1 Month,Unpaid,2 Feb' 23,0.0,"English Proficiency (Spoken),English Proficiency (Written),","Certificate,Flexible work hours,5 days a week,",20.0,https://internshala.com/internship/detail/law-legal-work-from-home-job-internship-at-wedidit1674035436
Volunteering,Sachhi Saheli,"Delhi,",Immediately,2 Weeks,Unpaid,2 Feb' 23,0.0,"English Proficiency (Spoken),Hindi Proficiency (Spoken),","Certificate,",30.0,https://internshala.com/internship/detail/volunteering-internship-in-delhi-at-sachhi-saheli1673935109
Graphic Design,Youth Development Committee,"Work From Home,",Immediately,4 Months,Unpaid,2 Feb' 23,0.0,"Adobe Photoshop,","Certificate,Letter of recommendation,Flexible work hours,",5.0,https://internshala.com/internship/detail/graphic-design-work-from-home-job-internship-at-youth-development-committee1674031309
Social Media Handling/Graphic Design/Video Editing,SK Children Foundation,"Work From Home,",Immediately,4 Months,Unpaid,1 Feb' 23,0.0,"Adobe After Effects,Adobe Creative Suite,Adobe Illustrator,Adobe Photoshop,Adobe Photoshop Lightroom CC,Adobe Premiere Pro,Cinema 4D,CorelDRAW,English Proficiency (Spoken),English Proficiency (Written),Final Cut Pro,Social Media Marketing,Video Editing,Video Making,","Certificate,Letter of recommendation,Flexible work hours,",6.0,https://internshala.com/internship/detail/social-media-handling-graphic-design-video-editing-work-from-home-job-internship-at-sk-children-foundation1674022261
Social Media Marketing,Pehchaan The Street School,"Work From Home,",Immediately,3 Months,Unpaid,1 Feb' 23,0.0,"Creative Writing,Digital Marketing,Email Marketing,English Proficiency (Spoken),English Proficiency (Written),Facebook Marketing,Instagram Marketing,Search Engine Marketing (SEM),Search Engine Optimization (SEO),Social Media Marketing,","Certificate,Letter of recommendation,Flexible work hours,5 days a week,",5.0,https://internshala.com/internship/detail/social-media-marketing-work-from-home-job-internship-at-pehchaan-the-street-school1674018735
Business Development (Sales),Suvidha Foundation,"Work From Home,",Immediately,2 Months,Unpaid,1 Feb' 23,156.0,,"Certificate,Letter of recommendation,",20.0,https://internshala.com/internship/detail/business-development-sales-work-from-home-job-internship-at-suvidha-foundation1674057466
Teaching (Programming),Suvidha Foundation,"Work From Home,",Immediately,3 Months,Unpaid,1 Feb' 23,69.0,"English Proficiency (Spoken),English Proficiency (Written),","Certificate,Letter of recommendation,",10.0,https://internshala.com/internship/detail/teaching-programming-work-from-home-job-internship-at-suvidha-foundation1674057394
Law/Legal,LawLevelUP,"Work From Home,",Immediately,1 Month,Unpaid,1 Feb' 23,87.0,,"Certificate,Flexible work hours,5 days a week,",20.0,https://internshala.com/internship/detail/law-legal-work-from-home-job-internship-at-lawlevelup1673955601
Law/Legal,Shivam Law Office,"Work From Home,",Immediately,6 Months,Unpaid,1 Feb' 23,62.0,,"Certificate,",6.0,https://internshala.com/internship/detail/law-legal-work-from-home-job-internship-at-shivam-law-office1673968892
Community Management,PeerPower Club (A TopTrove Foundation Initiative),"Work From Home,",Immediately,3 Months,Unpaid,1 Feb' 23,0.0,"English Proficiency (Spoken),English Proficiency (Written),","Certificate,Letter of recommendation,Flexible work hours,5 days a week,",3.0,https://internshala.com/internship/detail/community-management-work-from-home-job-internship-at-peerpower-club-a-toptrove-foundation-initiative1674017132
Social Work,Speak Up World Foundation,"Work From Home,",Immediately,1 Month,Unpaid,1 Feb' 23,35.0,"English Proficiency (Spoken),English Proficiency (Written),Social Media Marketing,","Certificate,Letter of recommendation,Flexible work hours,5 days a week,",20.0,https://internshala.com/internship/detail/social-work-work-from-home-job-internship-at-speak-up-world-foundation1674028698
Graphic Design,Nav-Tarang Social Organization,"Work From Home,",Immediately,2 Months,Unpaid,1 Feb' 23,0.0,"Adobe After Effects,Adobe Creative Suite,Adobe Illustrator,Adobe Photoshop,Video Editing,","Certificate,Letter of recommendation,Flexible work hours,5 days a week,",4.0,https://internshala.com/internship/detail/graphic-design-work-from-home-job-internship-at-nav-tarang-social-organization1673965954
Law/Legal,Khanna and Khanna,"Delhi,",Immediately,2 Months,Unpaid,1 Feb' 23,49.0,"English Proficiency (Spoken),English Proficiency (Written),MS-Word,","Certificate,Informal dress code,Free snacks & beverages,",6.0,https://internshala.com/internship/detail/law-legal-internship-in-delhi-at-khanna-and-khanna1673957421
Social Work,Social Education &amp; Liberty Foundation,"Delhi,",Immediately,1 Month,Unpaid,1 Feb' 23,0.0,"Social Media Marketing,","Certificate,Letter of recommendation,Flexible work hours,5 days a week,",25.0,https://internshala.com/internship/detail/social-work-internship-in-delhi-at-social-education-liberty-foundation1673969830
Social Media Marketing,Kshitiksha Foundation,"Work From Home,",Immediately,1 Month,Unpaid,1 Feb' 23,0.0,,"Certificate,Letter of recommendation,Flexible work hours,5 days a week,",20.0,https://internshala.com/internship/detail/social-media-marketing-work-from-home-job-internship-at-kshitiksha-foundation1673962014
Social Work,Umeed - A Drop Of Hope,"Work From Home,",Immediately,1 Month,Unpaid,1 Feb' 23,0.0,,"Certificate,Letter of recommendation,Flexible work hours,",125.0,https://internshala.com/internship/detail/social-work-work-from-home-job-internship-at-umeed-a-drop-of-hope1673960013
Fundraising,Optasia Foundation,"Work From Home,",Immediately,1 Month,Unpaid,1 Feb' 23,0.0,,"Certificate,Letter of recommendation,Flexible work hours,5 days a week,",50.0,https://internshala.com/internship/detail/fundraising-work-from-home-job-internship-at-optasia-foundation1673951933
Volunteering,Womenite,"Work From Home,",Immediately,1 Month,Unpaid,1 Feb' 23,0.0,,"Certificate,Letter of recommendation,",100.0,https://internshala.com/internship/detail/volunteering-work-from-home-job-internship-at-womenite1673953119
Human Resources (HR),Womenite,"Work From Home,",Immediately,1 Month,Unpaid,1 Feb' 23,39.0,,"Certificate,",10.0,https://internshala.com/internship/detail/human-resources-hr-work-from-home-job-internship-at-womenite1673952965
Social Media Marketing,Womenite,"Work From Home,",Immediately,1 Month,Unpaid,1 Feb' 23,0.0,,"Certificate,",10.0,https://internshala.com/internship/detail/social-media-marketing-work-from-home-job-internship-at-womenite1673952925
Psychology,ICHARS Support Foundation,"Work From Home,",Immediately,6 Weeks,Unpaid,1 Feb' 23,42.0,"English Proficiency (Spoken),English Proficiency (Written),MS-Office,","Certificate,",100.0,https://internshala.com/internship/detail/psychology-work-from-home-job-internship-at-ichars-support-foundation1673945765
Social Work,Umeed Charitable Trust,"Gurgaon,",Immediately,3 Months,Unpaid,1 Feb' 23,0.0,,"Certificate,Letter of recommendation,",40.0,https://internshala.com/internship/detail/social-work-part-time-job-internship-at-gurgaon-in-umeed-charitable-trust1673945488
Social Media Marketing,Her Career Foundation,"Work From Home,",Immediately,2 Months,Unpaid,1 Feb' 23,0.0,"Business Analysis,Business Research,English Proficiency (Spoken),English Proficiency (Written),Sales,Sales and Marketing,","Certificate,Letter of recommendation,Flexible work hours,5 days a week,Job offer,",3.0,https://internshala.com/internship/detail/social-media-marketing-work-from-home-job-internship-at-her-career-foundation1673939250
Social Media Marketing,Basmati Sewa Sansthan,"Work From Home,",Immediately,3 Months,Unpaid,1 Feb' 23,0.0,"Canva,Content Writing,Design Thinking,","Certificate,Letter of recommendation,5 days a week,",5.0,https://internshala.com/internship/detail/social-media-marketing-work-from-home-job-internship-at-basmati-sewa-sansthan1673938239
Law/Legal,Habitat For Humanity Trust,"Bangalore, Hyderabad, Mumbai,",Immediately,3 Months,Unpaid,31 Jan' 23,0.0,"English Proficiency (Spoken),English Proficiency (Written),","Certificate,Letter of recommendation,Flexible work hours,5 days a week,Job offer,",50.0,https://internshala.com/internship/detail/law-legal-part-time-job-internship-at-multiple-locations-in-habitat-for-humanity-trust1673932606
Marketing,Suvidha Foundation,"Work From Home,",Immediately,1 Month,Unpaid,31 Jan' 23,0.0,"MS-Excel,","Certificate,Letter of recommendation,Flexible work hours,5 days a week,",10.0,https://internshala.com/internship/detail/marketing-work-from-home-job-internship-at-suvidha-foundation1673962144
Fundraising,Suvidha Foundation,"Work From Home,",Immediately,2 Weeks,Unpaid,31 Jan' 23,0.0,,"Certificate,Letter of recommendation,Flexible work hours,",20.0,https://internshala.com/internship/detail/fundraising-work-from-home-job-internship-at-suvidha-foundation1673961815
Volunteering (Health &amp; Awareness),Simmi Foundation Organization,"Work From Home,",Immediately,6 Weeks,Unpaid,31 Jan' 23,28.0,"English Proficiency (Spoken),English Proficiency (Written),Hindi Proficiency (Spoken),","Certificate,Letter of recommendation,Flexible work hours,5 days a week,",30.0,https://internshala.com/internship/detail/volunteering-health-awareness-work-from-home-job-internship-at-simmi-foundation-organization1673866415
Law/Legal,HM Ventures,"Work From Home,",Immediately,1 Month,Unpaid,31 Jan' 23,96.0,"Creative Writing,English Proficiency (Written),MS-Office,MS-Word,","Certificate,Flexible work hours,",10.0,https://internshala.com/internship/detail/law-legal-work-from-home-job-internship-at-hm-ventures1673941619
Campus Ambassador,Vijay Social Welfare Society,"Work From Home,",Immediately,2 Months,Performance Based,31 Jan' 23,0.0,"Content Marketing,English Proficiency (Spoken),Social Media Marketing,","Certificate,",10.0,https://internshala.com/internship/detail/campus-ambassador-programme-at-vijay-social-welfare-society1673673813
Campus Ambassador,Spark Career Mentors,"Work From Home,",Immediately,2 Months,Performance Based,31 Jan' 23,0.0,,"Certificate,Letter of recommendation,Flexible work hours,5 days a week,",4.0,https://internshala.com/internship/detail/campus-ambassador-programme-at-spark-career-mentors1673933948
Content Writing,Her Career Foundation,"Work From Home,",Immediately,1 Month,Unpaid,31 Jan' 23,0.0,"Creative Writing,English Proficiency (Spoken),English Proficiency (Written),Social Media Marketing,","Certificate,Letter of recommendation,Flexible work hours,5 days a week,",4.0,https://internshala.com/internship/detail/content-writing-work-from-home-job-internship-at-her-career-foundation1673938810
Law/Legal,Lawgical Associates,"Delhi,",Immediately,1 Month,Unpaid,31 Jan' 23,31.0,,"Certificate,Informal dress code,5 days a week,",4.0,https://internshala.com/internship/detail/law-legal-internship-in-delhi-at-lawgical-associates1673951394
Law/Legal,The Youth Edge,"Work From Home,",Immediately,2 Months,Unpaid,31 Jan' 23,39.0,"English Proficiency (Spoken),Microsoft PowerApps,","Certificate,Letter of recommendation,Flexible work hours,5 days a week,Job offer,",6.0,https://internshala.com/internship/detail/law-legal-work-from-home-job-internship-at-the-youth-edge1673889871
Social Media Marketing,Adore Earth,"Work From Home,",Immediately,3 Months,Unpaid,31 Jan' 23,0.0,"English Proficiency (Spoken),",,14.0,https://internshala.com/internship/detail/social-media-marketing-work-from-home-job-internship-at-adore-earth1673932873
Content Writing,Karma Foundation,"Work From Home,",Immediately,3 Months,Unpaid,31 Jan' 23,0.0,"Blogging,Creative Writing,English Proficiency (Spoken),English Proficiency (Written),Social Media Marketing,","Certificate,Letter of recommendation,Flexible work hours,5 days a week,",20.0,https://internshala.com/internship/detail/content-writing-work-from-home-job-internship-at-karma-foundation1673896612
Graphic Design,Team We Care Trust,"Work From Home,",Immediately,2 Months,Unpaid,31 Jan' 23,0.0,"Adobe Creative Suite,Adobe Illustrator,Adobe Photoshop,Adobe Photoshop Lightroom CC,CorelDRAW,","Certificate,Letter of recommendation,",5.0,https://internshala.com/internship/detail/graphic-design-work-from-home-job-internship-at-team-we-care-trust1673894612
Social Media Marketing,Corpradar,"Work From Home,",Immediately,6 Months,Unpaid,31 Jan' 23,0.0,"Blogging,Creative Writing,Digital Marketing,Email Marketing,English Proficiency (Written),Facebook Marketing,Search Engine Marketing (SEM),Search Engine Optimization (SEO),Social Media Marketing,","Certificate,Letter of recommendation,Flexible work hours,5 days a week,",10.0,https://internshala.com/internship/detail/social-media-marketing-work-from-home-job-internship-at-corpradar1673880409
Fashion Design,Nanjil Anand Foundation,"Work From Home,",Immediately,3 Months,Unpaid,31 Jan' 23,0.0,"Fashion Designing,","Certificate,Letter of recommendation,Flexible work hours,5 days a week,",10.0,https://internshala.com/internship/detail/fashion-design-work-from-home-job-internship-at-nanjil-anand-foundation1673892822
Photography,Shivanjali,"Jaipur,",Immediately,2 Months,Unpaid,31 Jan' 23,0.0,"Video Editing,Video Making,","Certificate,Letter of recommendation,Flexible work hours,Informal dress code,5 days a week,",3.0,https://internshala.com/internship/detail/photography-part-time-job-internship-at-jaipur-in-shivanjali1673934735
Volunteering,Help Social Welfare Society,"Work From Home,",Immediately,1 Week,Unpaid,31 Jan' 23,0.0,,"Certificate,Letter of recommendation,Flexible work hours,5 days a week,",30.0,https://internshala.com/internship/detail/volunteering-work-from-home-job-internship-at-help-social-welfare-society1673889495
Content Writing,WoM Business Association,"Work From Home,",Immediately,3 Months,Unpaid,31 Jan' 23,0.0,,"Certificate,Letter of recommendation,Flexible work hours,5 days a week,",3.0,https://internshala.com/internship/detail/content-writing-work-from-home-job-internship-at-wom-business-association1673869170
Bioinformatics,Boltzmann Labs Private Limited,"Work From Home,",Immediately,3 Months,Unpaid,31 Jan' 23,80.0,"Bioinformatics,Biology,Chemistry,Content Writing,","Certificate,5 days a week,",8.0,https://internshala.com/internship/detail/bioinformatics-work-from-home-job-internship-at-boltzmann-labs-private-limited1673867631
Digital Marketing,Rajpuri Sanstha,"Work From Home,",Immediately,1 Month,Unpaid,31 Jan' 23,0.0,"English Proficiency (Spoken),English Proficiency (Written),Hindi Proficiency (Spoken),Hindi Proficiency (Written),","Certificate,Flexible work hours,",30.0,https://internshala.com/internship/detail/digital-marketing-work-from-home-job-internship-at-rajpuri-sanstha1673879604
Law/Legal,Habitat For Humanity Trust,"Delhi,",Immediately,3 Months,Unpaid,31 Jan' 23,0.0,"English Proficiency (Spoken),English Proficiency (Written),Hindi Proficiency (Spoken),Hindi Proficiency (Written),","Certificate,Letter of recommendation,Flexible work hours,5 days a week,Job offer,",50.0,https://internshala.com/internship/detail/law-legal-part-time-job-internship-at-delhi-in-habitat-for-humanity-trust1673867213
Teaching(Sanskrit),Waves Women Empowerment,"Work From Home,",Immediately,2 Months,Unpaid,31 Jan' 23,0.0,"Sanskrit Proficiency (spoken),Sanskrit Proficiency (written),","Certificate,Flexible work hours,",1.0,https://internshala.com/internship/detail/teachingsanskrit-work-from-home-job-internship-at-waves-women-empowerment1673858822
Social Media Marketing,WoM Business Association,"Work From Home,",Immediately,3 Months,Unpaid,31 Jan' 23,0.0,"Business Analysis,Creative Writing,Digital Marketing,","Certificate,Letter of recommendation,Flexible work hours,5 days a week,",10.0,https://internshala.com/internship/detail/social-media-marketing-work-from-home-job-internship-at-wom-business-association1673854091
Journalism,UDAAN - The Center Of Theatre Art &amp; Child Development,"Work From Home,",Immediately,3 Months,Unpaid,31 Jan' 23,0.0,"Creative Writing,Digital Marketing,MS-Word,Report Writing,","Certificate,Flexible work hours,",10.0,https://internshala.com/internship/detail/journalism-work-from-home-job-internship-at-udaan-the-center-of-theatre-art-child-development1673852993
Content Writing,Optasia Foundation,"Work From Home,",Immediately,2 Months,Unpaid,30 Jan' 23,0.0,,"Certificate,Letter of recommendation,Flexible work hours,5 days a week,",30.0,https://internshala.com/internship/detail/content-writing-work-from-home-job-internship-at-optasia-foundation1673850087
Social Media Management,Niswarth â The Selfless,"Work From Home,",Immediately,4 Months,Unpaid,30 Jan' 23,0.0,"Content Marketing,Content Writing,","Certificate,Letter of recommendation,Flexible work hours,",25.0,https://internshala.com/internship/detail/social-media-management-work-from-home-job-internship-at-niswarth--the-selfless1673683143
Campus Ambassador,Brainmage,"Work From Home,",Immediately,3 Months,Performance Based,30 Jan' 23,0.0,"Content Marketing,Digital Marketing,English Proficiency (Spoken),Social Media Marketing,","Certificate,Letter of recommendation,Flexible work hours,5 days a week,",10.0,https://internshala.com/internship/detail/campus-ambassador-programme-at-brainmage1673620727
Web Development,Paradoxalpha Foundation,"Work From Home,",Immediately,6 Months,Unpaid,30 Jan' 23,41.0,"CSS,HTML,JavaScript,Node.js,Python,ReactJS,","Certificate,Letter of recommendation,",200.0,https://internshala.com/internship/detail/web-development-work-from-home-job-internship-at-paradoxalpha-foundation1673724450
Campus Ambassador,Hotnot,"Work From Home,",Immediately,1 Month,Performance Based,30 Jan' 23,0.0,"English Proficiency (Spoken),English Proficiency (Written),Fashion Styling,Marketing Campaigns,","Certificate,Letter of recommendation,Flexible work hours,5 days a week,",100.0,https://internshala.com/internship/detail/campus-ambassador-programme-at-hotnot1673519518
Social Entrepreneurship,Hamari Pahchan NGO,"Work From Home,",Immediately,1 Month,Unpaid,30 Jan' 23,249.0,"Creative Writing,","Certificate,Letter of recommendation,",3000.0,https://internshala.com/internship/detail/social-entrepreneurship-work-from-home-job-internship-at-hamari-pahchan-ngo1673871511
Campus Ambassador,Shunya IoT AI Research Private Limited,"Work From Home,",Immediately,2 Months,Performance Based,30 Jan' 23,0.0,"Digital Marketing,English Proficiency (Spoken),English Proficiency (Written),Social Media Marketing,","Certificate,Flexible work hours,",2.0,https://internshala.com/internship/detail/campus-ambassador-programme-at-shunya-iot-ai-research-private-limited1673861346
Social Media Marketing,Waves Women Empowerment,"Work From Home,",Immediately,1 Month,Unpaid,30 Jan' 23,0.0,"English Proficiency (Spoken),Facebook Marketing,Instagram Marketing,Search Engine Marketing (SEM),Social Media Marketing,","Certificate,Flexible work hours,",5.0,https://internshala.com/internship/detail/social-media-marketing-work-from-home-job-internship-at-waves-women-empowerment1673857564
Fundraising,Suvidha Foundation,"Work From Home,",Immediately,1 Month,Unpaid,30 Jan' 23,0.0,"English Proficiency (Spoken),",,10.0,https://internshala.com/internship/detail/fundraising-work-from-home-job-internship-at-suvidha-foundation1673859333
Teaching,UPAY (Under Privilegedâs Advancement By Youth),"Gurgaon,",Immediately,6 Months,Unpaid,30 Jan' 23,0.0,,"Certificate,Letter of recommendation,Flexible work hours,Informal dress code,",2.0,https://internshala.com/internship/detail/teaching-internship-in-gurgaon-at-upay-under-privilegeds-advancement-by-youth1673856972
Social Media Marketing,Sambhaj,"Work From Home,",Immediately,2 Months,Unpaid,30 Jan' 23,0.0,"Canva,Creative Writing,Digital Marketing,Email Marketing,English Proficiency (Spoken),English Proficiency (Written),Facebook Marketing,Instagram Marketing,MS-PowerPoint,Social Media Marketing,","Certificate,Letter of recommendation,Flexible work hours,",10.0,https://internshala.com/internship/detail/social-media-marketing-work-from-home-job-internship-at-sambhaj1673844294
WordPress Development,XcitEducation Foundations,"Work From Home,",Immediately,4 Months,Unpaid,30 Jan' 23,0.0,"WordPress,","Certificate,Letter of recommendation,Flexible work hours,5 days a week,",20.0,https://internshala.com/internship/detail/wordpress-development-work-from-home-job-internship-at-xciteducation-foundations1673819627
Volunteering,Shiga Edutainment,"Work From Home,",Immediately,2 Months,Unpaid,30 Jan' 23,0.0,"English Proficiency (Spoken),","Certificate,Letter of recommendation,Flexible work hours,Job offer,",20.0,https://internshala.com/internship/detail/volunteering-work-from-home-job-internship-at-shiga-edutainment1673803517
WordPress Content Development,Shiga Edutainment,"Work From Home,",Immediately,2 Months,Unpaid,30 Jan' 23,0.0,"Blogging,Content Marketing,Content Writing,Creative Writing,Digital Marketing,Search Engine Marketing (SEM),Search Engine Optimization (SEO),Social Media Marketing,","Certificate,Flexible work hours,Job offer,",20.0,https://internshala.com/internship/detail/wordpress-content-development-work-from-home-job-internship-at-shiga-edutainment1673847063
Digital Marketing,Paradoxalpha Foundation,"Work From Home,",Immediately,6 Months,Unpaid,30 Jan' 23,0.0,"Creative Writing,Digital Marketing,English Proficiency (Spoken),English Proficiency (Written),Search Engine Marketing (SEM),Search Engine Optimization (SEO),","Certificate,Letter of recommendation,",50.0,https://internshala.com/internship/detail/digital-marketing-work-from-home-job-internship-at-paradoxalpha-foundation1673724844
Campus Ambassador,Creative HR Quantum Private Limited,"Work From Home,",Immediately,2 Months,Performance Based,30 Jan' 23,0.0,"Client Relationship,Content Marketing,Digital Marketing,English Proficiency (Spoken),English Proficiency (Written),LinkedIn Marketing,Sales and Marketing,Social Media Marketing,","Certificate,Letter of recommendation,",3.0,https://internshala.com/internship/detail/campus-ambassador-programme-at-creative-hr-quantum-private-limited1673700913
Campus Ambassador,VertexXInc Private Limited,"Pune, Mumbai,",Immediately,3 Months,Performance Based,30 Jan' 23,0.0,"Digital Marketing,English Proficiency (Spoken),English Proficiency (Written),Social Media Marketing,","Letter of recommendation,Flexible work hours,",20.0,https://internshala.com/internship/detail/campus-ambassador-programme-at-vertexxinc-private-limited1673599566
Campus Ambassador,GalaxyCard,"Work From Home,",Immediately,3 Months,Performance Based,30 Jan' 23,0.0,"Content Marketing,English Proficiency (Spoken),Event Management,Social Media Marketing,","Certificate,Letter of recommendation,Flexible work hours,",20.0,https://internshala.com/internship/detail/campus-ambassador-programme-at-galaxycard1673519819
Campus Ambassador,Anaitik,"Amritsar, Bathinda, Chandigarh, Jalandhar, Ludhiana, Kurukshetra, Phagwara, Sangrur, Shimla, Kharar, Mohali, Zirakpur, Panchkula,",Immediately,3 Months,Performance Based,30 Jan' 23,0.0,"Digital Marketing,English Proficiency (Spoken),English Proficiency (Written),Social Media Marketing,","Certificate,Letter of recommendation,Flexible work hours,5 days a week,",20.0,https://internshala.com/internship/detail/campus-ambassador-programme-at-anaitik1673591957
Content Writing,Think Act Rise Foundation,"Work From Home,",Immediately,2 Months,Unpaid,30 Jan' 23,0.0,"Blogging,Creative Writing,Digital Marketing,English Proficiency (Spoken),English Proficiency (Written),Search Engine Optimization (SEO),Social Media Marketing,","Certificate,Letter of recommendation,",2.0,https://internshala.com/internship/detail/content-writing-work-from-home-job-internship-at-think-act-rise-foundation1673787235
Photography,Tillotoma Foundation,"Delhi,",Immediately,2 Months,Unpaid,30 Jan' 23,0.0,"Photography,Video Making,","Certificate,Flexible work hours,Free snacks & beverages,",20.0,https://internshala.com/internship/detail/photography-part-time-job-internship-at-delhi-in-tillotoma-foundation1673767642
Social Work,Speak Up World Foundation,"Work From Home,",Immediately,1 Month,Unpaid,29 Jan' 23,0.0,"English Proficiency (Spoken),English Proficiency (Written),MS-Word,","Certificate,Letter of recommendation,Flexible work hours,5 days a week,",15.0,https://internshala.com/internship/detail/social-work-work-from-home-job-internship-at-speak-up-world-foundation1673803065
Social Work,Nateshwar Art And Cultural Foundation,"Delhi, Noida,",Immediately,3 Months,Unpaid,29 Jan' 23,0.0,"Event Management,Social Media Marketing,Teaching,","Certificate,Letter of recommendation,Flexible work hours,",4.0,https://internshala.com/internship/detail/social-work-part-time-job-internship-at-delhi-noida-in-nateshwar-art-and-cultural-foundation1673439013
Social Media Management,Value Education Trust,"Work From Home,",Immediately,3 Months,Unpaid,29 Jan' 23,0.0,"Content Writing,Social Media Marketing,","Certificate,Letter of recommendation,Flexible work hours,",2.0,https://internshala.com/internship/detail/social-media-management-work-from-home-job-internship-at-value-education-trust1673789468
Scrum Management,XcitEducation Foundations,"Work From Home,",Immediately,6 Months,Unpaid,29 Jan' 23,0.0,,"Certificate,Letter of recommendation,Flexible work hours,5 days a week,",20.0,https://internshala.com/internship/detail/scrum-management-work-from-home-job-internship-at-xciteducation-foundations1673785927
Operations,Muskaan Care Foundation,"Work From Home,",Immediately,6 Months,Unpaid,29 Jan' 23,0.0,"English Proficiency (Spoken),English Proficiency (Written),MS-Excel,MS-Office,MS-PowerPoint,MS-Word,","Certificate,Flexible work hours,5 days a week,",2.0,https://internshala.com/internship/detail/operations-work-from-home-job-internship-at-muskaan-care-foundation1673689502
Human Resources (HR),Muskaan Care Foundation,"Work From Home,",Immediately,6 Months,Unpaid,29 Jan' 23,0.0,"English Proficiency (Spoken),English Proficiency (Written),MS-Excel,MS-Office,MS-Word,","Certificate,Flexible work hours,5 days a week,",1.0,https://internshala.com/internship/detail/human-resources-hr-work-from-home-job-internship-at-muskaan-care-foundation1673689358
Law/Legal,Supreme Law Chamber,"Delhi,",Immediately,6 Months,Unpaid,29 Jan' 23,0.0,"MS-Word,","Certificate,",3.0,https://internshala.com/internship/detail/law-legal-internship-in-delhi-at-supreme-law-chamber1673664262
Fundraising,HelpAndHygiene For All Foundation (Free Pads For India),"Work From Home,",Immediately,1 Month,Unpaid,29 Jan' 23,0.0,,"Certificate,Flexible work hours,",30.0,https://internshala.com/internship/detail/fundraising-work-from-home-job-internship-at-helpandhygiene-for-all-foundation-free-pads-for-india1673704630
Social Media Marketing,Muskaan Care Foundation,"Work From Home,",Immediately,6 Months,Unpaid,29 Jan' 23,0.0,"Creative Writing,Digital Marketing,English Proficiency (Spoken),English Proficiency (Written),Facebook Marketing,Instagram Marketing,Social Media Marketing,","Certificate,Flexible work hours,5 days a week,",2.0,https://internshala.com/internship/detail/social-media-marketing-work-from-home-job-internship-at-muskaan-care-foundation1673689180
Social Work (C.U.R.E. India Campaign),INDIA Redefined,"Work From Home,",Immediately,2 Months,Unpaid,28 Jan' 23,0.0,,"Certificate,",1000.0,https://internshala.com/internship/detail/social-work-cure-india-campaign-work-from-home-job-internship-at-india-redefined1673669487
Law/Legal,WinSavvy,"Work From Home,",Immediately,1 Month,Unpaid,28 Jan' 23,37.0,"English Proficiency (Spoken),English Proficiency (Written),MS-Office,MS-PowerPoint,MS-Word,","Certificate,Letter of recommendation,Flexible work hours,5 days a week,",5.0,https://internshala.com/internship/detail/law-legal-work-from-home-job-internship-at-winsavvy1673617937
Event Management,Indian Social Responsibility Network,"Delhi,",Immediately,6 Months,Unpaid,28 Jan' 23,0.0,,"Certificate,Letter of recommendation,Flexible work hours,Informal dress code,",5.0,https://internshala.com/internship/detail/event-management-internship-in-delhi-at-indian-social-responsibility-network1673690167
Digital Marketing,Kondammal Trust,"Work From Home,",Immediately,2 Months,Unpaid,28 Jan' 23,0.0,"Digital Marketing,English Proficiency (Spoken),","Certificate,Letter of recommendation,Flexible work hours,5 days a week,",5.0,https://internshala.com/internship/detail/digital-marketing-work-from-home-job-internship-at-kondammal-trust1673615676
Law Research,Filternet Foundation,"Varanasi,",Immediately,3 Months,Unpaid,28 Jan' 23,0.0,,"Certificate,Letter of recommendation,Flexible work hours,5 days a week,",2.0,https://internshala.com/internship/detail/law-research-part-time-job-internship-at-varanasi-in-filternet-foundation1673594453
Content Writing,Adihri Dreamland Foundation,"Work From Home,",Immediately,1 Month,Unpaid,27 Jan' 23,0.0,"Blogging,Creative Writing,English Proficiency (Written),Hindi Proficiency (Written),","Certificate,Letter of recommendation,Flexible work hours,5 days a week,",20.0,https://internshala.com/internship/detail/content-writing-work-from-home-job-internship-at-adihri-dreamland-foundation1673585923
Fundraising Coordination,Ramkrishna Vedanta Ashram,"Work From Home,",Immediately,1 Week,Unpaid,27 Jan' 23,0.0,,"Certificate,Flexible work hours,5 days a week,",50.0,https://internshala.com/internship/detail/fundraising-coordination-work-from-home-job-internship-at-ramkrishna-vedanta-ashram1673580911
7-Day Virtual Charity Drive,Hamari Pahchan NGO,"Work From Home,",Immediately,1 Week,Unpaid,27 Jan' 23,311.0,,"Certificate,Letter of recommendation,",5000.0,https://internshala.com/internship/detail/7-day-virtual-charity-drive-work-from-home-job-internship-at-hamari-pahchan-ngo1673610800
Research (Economics),Filternet Foundation,"Varanasi,",Immediately,3 Months,Unpaid,27 Jan' 23,0.0,"Economics,","Certificate,Letter of recommendation,Flexible work hours,5 days a week,",2.0,https://internshala.com/internship/detail/research-economics-part-time-job-internship-at-varanasi-in-filternet-foundation1673608658
Policy Research,My Story As A (Wo)Man,"Work From Home,",Immediately,3 Months,Unpaid,27 Jan' 23,0.0,"English Proficiency (Spoken),English Proficiency (Written),Report Writing,","Certificate,Letter of recommendation,Flexible work hours,",3.0,https://internshala.com/internship/detail/policy-research-work-from-home-job-internship-at-my-story-as-a-woman1673600553
Campus Ambassador,AltWorld,"Work From Home,",Immediately,2 Months,Performance Based,17 Feb' 23,244.0,"English Proficiency (Spoken),Social Media Marketing,","Certificate,Letter of recommendation,Flexible work hours,",999.0,https://internshala.com/internship/detail/campus-ambassador-programme-at-altworld1673598908
Android App Development - Janta Malik,Filternet Foundation,"Varanasi,",Immediately,3 Months,Unpaid,27 Jan' 23,0.0,"Java,","Certificate,Letter of recommendation,Flexible work hours,5 days a week,",1.0,https://internshala.com/internship/detail/android-app-development-janta-malik-part-time-job-internship-at-varanasi-in-filternet-foundation1673594011
Business Development (Sales),First Contact,"Work From Home,",Immediately,3 Months,Unpaid,27 Jan' 23,0.0,"Digital Marketing,English Proficiency (Spoken),English Proficiency (Written),MS-Excel,Social Media Marketing,","Certificate,Letter of recommendation,Flexible work hours,5 days a week,",4.0,https://internshala.com/internship/detail/business-development-sales-work-from-home-job-internship-at-first-contact1673586054
Human Resources (HR),Youth Empowerment Foundation,"Bangalore,",Immediately,2 Months,Unpaid,27 Jan' 23,29.0,,"Certificate,Letter of recommendation,",20.0,https://internshala.com/internship/detail/human-resources-hr-internship-in-bangalore-at-youth-empowerment-foundation1673596070
Volunteering,Youth Empowerment Foundation,"Bangalore,",Immediately,1 Month,Unpaid,27 Jan' 23,0.0,,"Certificate,Letter of recommendation,",20.0,https://internshala.com/internship/detail/volunteering-part-time-job-internship-at-bangalore-in-youth-empowerment-foundation1673596047
Social Work,Youth Empowerment Foundation,"Bangalore,",Immediately,1 Month,Unpaid,27 Jan' 23,0.0,,"Certificate,",80.0,https://internshala.com/internship/detail/social-work-part-time-job-internship-at-bangalore-in-youth-empowerment-foundation1673596030
Teaching,Youth Empowerment Foundation,"Bangalore,",Immediately,3 Months,Unpaid,27 Jan' 23,0.0,,"Certificate,",5.0,https://internshala.com/internship/detail/teaching-internship-in-bangalore-at-youth-empowerment-foundation1673596012
Internship Project- C20,Indian Social Responsibility Network,"Delhi,",Immediately,6 Months,Unpaid,27 Jan' 23,0.0,,"Certificate,Letter of recommendation,Flexible work hours,Informal dress code,",5.0,https://internshala.com/internship/detail/internship-project-c20-internship-in-delhi-at-indian-social-responsibility-network1673515975
Volunteering,SRF Foundation,"Gurgaon,",Immediately,1 Month,Unpaid,27 Jan' 23,0.0,,"Certificate,Letter of recommendation,5 days a week,Free snacks & beverages,",40.0,https://internshala.com/internship/detail/volunteering-internship-in-gurgaon-at-srf-foundation1673590851
Campus Ambassador,ILogo.in,"Work From Home,",Immediately,3 Months,Performance Based,27 Jan' 23,0.0,"LinkedIn Marketing,Sales and Marketing,","Letter of recommendation,Flexible work hours,",5.0,https://internshala.com/internship/detail/campus-ambassador-programme-at-ilogoin1673585343
Campus Ambassador,College Dunia,"Work From Home,",Immediately,6 Months,Performance Based,27 Jan' 23,0.0,"English Proficiency (Spoken),English Proficiency (Written),","Certificate,Flexible work hours,",10.0,https://internshala.com/internship/detail/campus-ambassador-programme-at-college-dunia1673544606
YouTube Marketing,Simmi Foundation Organization,"Work From Home,",Immediately,3 Months,Unpaid,27 Jan' 23,41.0,"Content Marketing,Digital Marketing,Social Media Marketing,","Certificate,Letter of recommendation,Flexible work hours,5 days a week,",25.0,https://internshala.com/internship/detail/youtube-marketing-work-from-home-job-internship-at-simmi-foundation-organization1673551315
Social Media Management,Simmi Foundation Organization,"Work From Home,",Immediately,3 Months,Unpaid,27 Jan' 23,33.0,"Android,Blogging,Content Writing,Design Thinking,Digital Marketing,Search Engine Optimization (SEO),Video Editing,","Certificate,Letter of recommendation,Flexible work hours,5 days a week,",4.0,https://internshala.com/internship/detail/social-media-management-work-from-home-job-internship-at-simmi-foundation-organization1673550994
Digital Marketing,Simmi Foundation Organization,"Work From Home,",Immediately,3 Months,Unpaid,27 Jan' 23,61.0,,"Certificate,Letter of recommendation,Flexible work hours,5 days a week,",10.0,https://internshala.com/internship/detail/digital-marketing-work-from-home-job-internship-at-simmi-foundation-organization1673549666
Human Resources (HR),Simmi Foundation Organization,"Work From Home,",Immediately,3 Months,Unpaid,27 Jan' 23,96.0,"English Proficiency (Spoken),English Proficiency (Written),MS-Excel,MS-Office,","Certificate,Letter of recommendation,Flexible work hours,5 days a week,",10.0,https://internshala.com/internship/detail/human-resources-hr-work-from-home-job-internship-at-simmi-foundation-organization1673548838
Journalism,Simmi Foundation Organization,"Work From Home,",Immediately,3 Months,Unpaid,27 Jan' 23,33.0,"Anchoring,English Proficiency (Written),Hindi Proficiency (Spoken),Video Editing,Video Making,","Certificate,Letter of recommendation,Flexible work hours,5 days a week,",25.0,https://internshala.com/internship/detail/journalism-work-from-home-job-internship-at-simmi-foundation-organization1673548264
Content Writing (Blog),Simmi Foundation Organization,"Work From Home,",Immediately,3 Months,Unpaid,27 Jan' 23,43.0,"Content Writing,Digital Marketing,English Proficiency (Spoken),English Proficiency (Written),Search Engine Optimization (SEO),","Certificate,Letter of recommendation,Flexible work hours,5 days a week,",10.0,https://internshala.com/internship/detail/content-writing-blog-work-from-home-job-internship-at-simmi-foundation-organization1673548169
Content Development (Website),Simmi Foundation Organization,"Work From Home,",Immediately,3 Months,Unpaid,27 Jan' 23,0.0,"Creative Writing,Digital Marketing,English Proficiency (Spoken),English Proficiency (Written),Search Engine Optimization (SEO),","Certificate,Letter of recommendation,Flexible work hours,5 days a week,",3.0,https://internshala.com/internship/detail/content-development-website-work-from-home-job-internship-at-simmi-foundation-organization1673548115
Corporate Relationship Management,Simmi Foundation Organization,"Work From Home,",Immediately,3 Months,Unpaid,27 Jan' 23,0.0,"English Proficiency (Spoken),English Proficiency (Written),Hindi Proficiency (Spoken),Research and Analytics,","Certificate,Letter of recommendation,Flexible work hours,5 days a week,",15.0,https://internshala.com/internship/detail/corporate-relationship-management-work-from-home-job-internship-at-simmi-foundation-organization1673548053
Social Work,Simmi Foundation Organization,"Work From Home,",Immediately,6 Weeks,Unpaid,27 Jan' 23,33.0,"English Proficiency (Spoken),Hindi Proficiency (Spoken),Social Media Marketing,","Certificate,Letter of recommendation,Flexible work hours,5 days a week,",40.0,https://internshala.com/internship/detail/social-work-work-from-home-job-internship-at-simmi-foundation-organization1673547918
Teaching,Sarkari School,"Work From Home,",Immediately,2 Months,Unpaid,27 Jan' 23,135.0,"English Proficiency (Written),Hindi Proficiency (Spoken),Online Teaching,","Certificate,Letter of recommendation,Flexible work hours,",15.0,https://internshala.com/internship/detail/teaching-work-from-home-job-internship-at-sarkari-school1673540276
Business Development &amp; Management,Abhayudaan Foundation,"Ahmedabad,",Immediately,6 Months,Unpaid,27 Jan' 23,0.0,"Business Analysis,Business Research,Content Writing,Digital Marketing,English Proficiency (Spoken),English Proficiency (Written),Social Media Marketing,","Certificate,Letter of recommendation,Flexible work hours,",3.0,https://internshala.com/internship/detail/business-development-management-part-time-job-internship-at-ahmedabad-in-abhayudaan-foundation1673582846
Content Writing,Seva Charitable Trust,"Work From Home,",Immediately,3 Months,Unpaid,27 Jan' 23,31.0,"Creative Writing,English Proficiency (Spoken),English Proficiency (Written),Social Media Marketing,","Certificate,Letter of recommendation,Flexible work hours,5 days a week,",2.0,https://internshala.com/internship/detail/content-writing-work-from-home-job-internship-at-seva-charitable-trust1673517957
Graphic Design,Seva Charitable Trust,"Work From Home,",Immediately,3 Months,Unpaid,27 Jan' 23,43.0,"Adobe After Effects,Adobe Illustrator,Adobe Photoshop,Adobe Photoshop Lightroom CC,CorelDRAW,","Certificate,Letter of recommendation,Flexible work hours,5 days a week,",2.0,https://internshala.com/internship/detail/graphic-design-work-from-home-job-internship-at-seva-charitable-trust1673517864
Graphic Design,Simmi Foundation Organization,"Work From Home,",Immediately,3 Months,Unpaid,27 Jan' 23,62.0,,"Certificate,Letter of recommendation,Flexible work hours,5 days a week,",4.0,https://internshala.com/internship/detail/graphic-design-work-from-home-job-internship-at-simmi-foundation-organization1673552148
Law/Legal,Expertwings Professional Services,"Ranchi,",Immediately,2 Months,Unpaid,27 Jan' 23,0.0,"English Proficiency (Spoken),English Proficiency (Written),MS-Office,MS-Word,","Certificate,Letter of recommendation,Flexible work hours,Free snacks & beverages,",2.0,https://internshala.com/internship/detail/law-legal-internship-in-ranchi-at-expertwings-professional-services1673518465
Safety Champion,Safecity (Red Dot Foundation),"Work From Home,",Immediately,2 Weeks,Unpaid,27 Jan' 23,56.0,,"Certificate,Flexible work hours,",1000.0,https://internshala.com/internship/detail/safety-champion-work-from-home-job-internship-at-safecity-red-dot-foundation1673506288
Corporate Responsibility Analysis,Simmi Foundation Organization,"Work From Home,",Immediately,3 Months,Unpaid,26 Jan' 23,34.0,"Data Analytics,English Proficiency (Spoken),English Proficiency (Written),Research and Analytics,","Certificate,Letter of recommendation,Flexible work hours,5 days a week,",15.0,https://internshala.com/internship/detail/corporate-responsibility-analysis-work-from-home-job-internship-at-simmi-foundation-organization1673547971
Campus Ambassador,BeyondExams,"Dehradun, Delhi, Ghaziabad, Gurgaon, Kanpur, Lucknow, Sultanpur, Mumbai, Virar, Noida, Roorkee,",Immediately,3 Months,Performance Based,28 Jan' 23,262.0,"English Proficiency (Spoken),Sales and Marketing,","Certificate,Letter of recommendation,Flexible work hours,5 days a week,",100.0,https://internshala.com/internship/detail/campus-ambassador-programme-at-beyondexams1673507713
Campus Ambassador,STAR VACAYS,"Work From Home,",Immediately,2 Months,Performance Based,26 Jan' 23,0.0,"Digital Marketing,English Proficiency (Spoken),English Proficiency (Written),Social Media Marketing,","Certificate,Letter of recommendation,Flexible work hours,",8.0,https://internshala.com/internship/detail/campus-ambassador-programme-at-star-vacays1673450880
Teaching,Youth Empowerment Foundation,"Hyderabad,",Immediately,3 Months,Unpaid,26 Jan' 23,0.0,,"Certificate,",5.0,https://internshala.com/internship/detail/teaching-internship-in-hyderabad-at-youth-empowerment-foundation1673513660
Teaching,Youth Empowerment Foundation,"Lucknow,",Immediately,3 Months,Unpaid,26 Jan' 23,0.0,,"Certificate,",5.0,https://internshala.com/internship/detail/teaching-internship-in-lucknow-at-youth-empowerment-foundation1673511405
Teaching,Youth Empowerment Foundation,"Chennai,",Immediately,3 Months,Unpaid,26 Jan' 23,0.0,,"Certificate,",5.0,https://internshala.com/internship/detail/teaching-internship-in-chennai-at-youth-empowerment-foundation1673511384
Teaching,Youth Empowerment Foundation,"Ranchi,",Immediately,3 Months,Unpaid,26 Jan' 23,0.0,,"Certificate,",5.0,https://internshala.com/internship/detail/teaching-internship-in-ranchi-at-youth-empowerment-foundation1673511347
Teaching,Youth Empowerment Foundation,"Pitampura,",Immediately,1 Month,Unpaid,26 Jan' 23,40.0,,"Certificate,",10.0,https://internshala.com/internship/detail/teaching-part-time-job-internship-at-pitampura-in-youth-empowerment-foundation1673507834
Campus Ambassador,You Got Brains,"Work From Home,",Immediately,1 Month,Performance Based,26 Jan' 23,0.0,,"Certificate,Letter of recommendation,Flexible work hours,5 days a week,",5.0,https://internshala.com/internship/detail/campus-ambassador-programme-at-you-got-brains1673442680
Online Event Management,Shubham Nari Shakti Mahila Kalyan Samiti,"Work From Home,",Immediately,3 Months,Unpaid,26 Jan' 23,26.0,,"Certificate,Letter of recommendation,Flexible work hours,5 days a week,",50.0,https://internshala.com/internship/detail/online-event-management-work-from-home-job-internship-at-shubham-nari-shakti-mahila-kalyan-samiti1673445149
Teaching (Soft Skills),Be Dauntless Foundation,"Work From Home,",Immediately,3 Months,Unpaid,26 Jan' 23,0.0,"English Proficiency (Spoken),English Proficiency (Written),","Certificate,Letter of recommendation,",1.0,https://internshala.com/internship/detail/teaching-soft-skills-work-from-home-job-internship-at-be-dauntless-foundation1673460018
Artificial Intelligence Based LMS System (CBSE English &amp; Other Subjects),Space Renaissance Indian Chapter,"Work From Home,",Immediately,1 Month,Unpaid,26 Jan' 23,45.0,"Blogging,Content Writing,Google Workspace,","Certificate,Letter of recommendation,Flexible work hours,",20.0,https://internshala.com/internship/detail/artificial-intelligence-based-lms-system-40cbse-english-other-subjects-41-work-from-home-job-internship-at-space-renaissance-indian-chapter1673427192
Graphic Design,Shubham Nari Shakti Mahila Kalyan Samiti,"Work From Home,",Immediately,3 Months,Unpaid,26 Jan' 23,0.0,,"Certificate,Letter of recommendation,Flexible work hours,5 days a week,",50.0,https://internshala.com/internship/detail/graphic-design-work-from-home-job-internship-at-shubham-nari-shakti-mahila-kalyan-samiti1673444997
Social Media Marketing,Shubham Nari Shakti Mahila Kalyan Samiti,"Work From Home,",Immediately,3 Months,Unpaid,26 Jan' 23,0.0,,"Certificate,Letter of recommendation,Flexible work hours,5 days a week,",50.0,https://internshala.com/internship/detail/social-media-marketing-work-from-home-job-internship-at-shubham-nari-shakti-mahila-kalyan-samiti1673444950
Social Media Marketing,Prudent Foundation,"Work From Home,",Immediately,3 Months,Unpaid,26 Jan' 23,0.0,"Creative Writing,Digital Marketing,Email Marketing,Facebook Marketing,Instagram Marketing,Social Media Marketing,","Certificate,Letter of recommendation,",4.0,https://internshala.com/internship/detail/social-media-marketing-work-from-home-job-internship-at-prudent-foundation1673426564
Web Development,Dream Bharat Foundation,"Chennai, Erode, Namakkal, Dharmapuri, Tiruchirappalli, Salem,",Immediately,2 Months,Unpaid,25 Jan' 23,96.0,"CSS,HTML,JavaScript,MySQL,Node.js,PHP,ReactJS,WordPress,","Certificate,Letter of recommendation,Flexible work hours,5 days a week,Job offer,",15.0,https://internshala.com/internship/detail/web-development-part-time-job-internship-at-multiple-locations-in-dream-bharat-foundation1673409566
Social Media Marketing,Suvidha Foundation,"Work From Home,",Immediately,2 Weeks,Unpaid,25 Jan' 23,652.0,,"Certificate,",10.0,https://internshala.com/internship/detail/social-media-marketing-work-from-home-job-internship-at-suvidha-foundation1673424293
Machine Learning,Suvidha Foundation,"Work From Home,",Immediately,1 Month,Unpaid,25 Jan' 23,0.0,,"Certificate,",10.0,https://internshala.com/internship/detail/machine-learning-work-from-home-job-internship-at-suvidha-foundation1673275648
English Tutoring,Ananda Sagara,"Work From Home,",Immediately,2 Months,Unpaid,25 Jan' 23,35.0,"English Proficiency (Spoken),English Proficiency (Written),MS-Office,Online Teaching,Teaching,","Certificate,Letter of recommendation,",20.0,https://internshala.com/internship/detail/english-tutoring-work-from-home-job-internship-at-ananda-sagara1673406231
Artificial Intelligence (AI),Translational Health Science And Technology Institute,"Faridabad,",Immediately,3 Months,Unpaid,25 Jan' 23,0.0,"Data Science,JavaScript,Python,","Certificate,Letter of recommendation,Flexible work hours,Informal dress code,5 days a week,",2.0,https://internshala.com/internship/detail/artificial-intelligence-ai-internship-in-faridabad-at-translational-health-science-and-technology-institute1673419362
Campus Ambassador,"Technex'23, IIT (BHU) Varanasi","Work From Home,",Immediately,2 Months,Performance Based,28 Jan' 23,155.0,"Digital Marketing,Social Media Marketing,","Certificate,Letter of recommendation,Flexible work hours,",800.0,https://internshala.com/internship/detail/campus-ambassador-programme-at-technex23-iit-bhu-varanasi1673356738
Campus Ambassador,SDTech Robotics,"Work From Home,",Immediately,1 Month,Performance Based,25 Jan' 23,0.0,"Sales and Marketing,Social Media Marketing,","Certificate,Letter of recommendation,",30.0,https://internshala.com/internship/detail/campus-ambassador-programme-at-sdtech-robotics1673418417
Campus Ambassador,Edvoy,"Delhi, Gurgaon, Greater Noida, Noida,",Immediately,6 Months,Performance Based,25 Jan' 23,0.0,"Digital Marketing,English Proficiency (Written),","Certificate,Letter of recommendation,Flexible work hours,",8.0,https://internshala.com/internship/detail/campus-ambassador-programme-at-edvoy1673351540
Content Analysis,TopTrove Foundation,"Work From Home,",Immediately,3 Months,Unpaid,25 Jan' 23,0.0,"Content Marketing,Content Writing,English Proficiency (Spoken),English Proficiency (Written),","Certificate,Letter of recommendation,Flexible work hours,5 days a week,",6.0,https://internshala.com/internship/detail/content-analysis-work-from-home-job-internship-at-toptrove-foundation1673426860
Fundraising Coordination,Suvidha Foundation,"Work From Home,",Immediately,1 Month,Unpaid,25 Jan' 23,356.0,"English Proficiency (Spoken),","Certificate,Letter of recommendation,",25.0,https://internshala.com/internship/detail/fundraising-coordination-work-from-home-job-internship-at-suvidha-foundation1673424227
Team Leading,Kashmir Youth Web,"Work From Home,",Immediately,3 Months,Unpaid,25 Jan' 23,0.0,"English Proficiency (Written),Project Management,","Certificate,Letter of recommendation,Flexible work hours,5 days a week,",1.0,https://internshala.com/internship/detail/team-leading-work-from-home-job-internship-at-kashmir-youth-web1673423739
Content Writing,Udaghosh Social Welfare Society,"Work From Home,",Immediately,3 Months,Unpaid,25 Jan' 23,0.0,"Blogging,Creative Writing,Digital Marketing,English Proficiency (Spoken),English Proficiency (Written),Search Engine Optimization (SEO),Social Media Marketing,","Certificate,Letter of recommendation,Flexible work hours,",30.0,https://internshala.com/internship/detail/content-writing-work-from-home-job-internship-at-udaghosh-social-welfare-society1673375636
Tamizhan Siragugal Volunteering Program (TSVIP),Tamizhan Siragugal Trust,"Work From Home,",Immediately,6 Months,Unpaid,25 Jan' 23,108.0,"Canva,MS-Office,Social Media Marketing,Tamil Proficiency (Spoken),Tamil Proficiency (Written),","Certificate,Letter of recommendation,Flexible work hours,",25.0,https://internshala.com/internship/detail/tamizhan-siragugal-volunteering-program-tsvip-work-from-home-job-internship-at-tamizhan-siragugal-trust1673416519
Campus Ambassador,Rainvas,"Work From Home,",Immediately,1 Month,Performance Based,25 Jan' 23,0.0,"Social Media Marketing,","Certificate,Letter of recommendation,Flexible work hours,",10.0,https://internshala.com/internship/details/campus-ambassador-programme-at-rainvas1672926682
Research,Koru Foundation,"Work From Home,",Immediately,3 Months,Unpaid,25 Jan' 23,0.0,"Data Analytics,","Certificate,Letter of recommendation,Flexible work hours,",3.0,https://internshala.com/internship/detail/research-work-from-home-job-internship-at-koru-foundation1673413250
Fundraising,Sakshi,"Work From Home,",Immediately,1 Month,Unpaid,25 Jan' 23,0.0,,"Certificate,Letter of recommendation,Flexible work hours,",20.0,https://internshala.com/internship/detail/fundraising-work-from-home-job-internship-at-sakshi1673342927
Volunteering,Agaadh Foundation,"Work From Home,",Immediately,5 Months,Unpaid,25 Jan' 23,0.0,"Digital Marketing,Sales and Marketing,","Certificate,Letter of recommendation,Flexible work hours,5 days a week,",1.0,https://internshala.com/internship/detail/volunteering-work-from-home-job-internship-at-agaadh-foundation1673331608
ReactJS Development,Simmi Foundation Organization,"Work From Home,",Immediately,3 Months,Unpaid,24 Jan' 23,461.0,"CSS,Django,English Proficiency (Written),GitHub,HTML,JavaScript,Node.js,Project Management,Python,ReactJS,Redux,REST API,Tailwind CSS,","Certificate,Letter of recommendation,Flexible work hours,5 days a week,",5.0,https://internshala.com/internship/detail/reactjs-development-work-from-home-job-internship-at-simmi-foundation-organization1673356579
Product Management,Simmi Foundation Organization,"Work From Home,",Immediately,3 Months,Unpaid,24 Jan' 23,83.0,"English Proficiency (Spoken),English Proficiency (Written),Product Lifecycle Management(PLM),Product Management,","Certificate,Letter of recommendation,Flexible work hours,5 days a week,",7.0,https://internshala.com/internship/detail/product-management-work-from-home-job-internship-at-simmi-foundation-organization1673352487
Python Backend Development,Simmi Foundation Organization,"Work From Home,",Immediately,3 Months,Unpaid,24 Jan' 23,324.0,"CSS,Django,GitHub,HTML,Python,REST API,","Certificate,Letter of recommendation,Flexible work hours,5 days a week,",5.0,https://internshala.com/internship/detail/python-backend-development-work-from-home-job-internship-at-simmi-foundation-organization1668009929
Python Development (Django),Simmi Foundation Organization,"Work From Home,",Immediately,3 Months,Unpaid,24 Jan' 23,295.0,"Django,GitHub,HTML,Python,REST API,","Certificate,Letter of recommendation,Flexible work hours,",3.0,https://internshala.com/internship/detail/python-development-django-work-from-home-job-internship-at-simmi-foundation-organization1668009922
ReactJS,Simmi Foundation Organization,"Work From Home,",Immediately,3 Months,Unpaid,24 Jan' 23,410.0,"CSS,English Proficiency (Written),HTML,JavaScript,Node.js,Project Management,Python,ReactJS,Redux,REST API,","Certificate,Letter of recommendation,Flexible work hours,",5.0,https://internshala.com/internship/detail/reactjs-work-from-home-job-internship-at-simmi-foundation-organization1668009916
Recruitment,Marpu Foundation,"Work From Home,",Immediately,1 Week,Unpaid,24 Jan' 23,311.0,,"Certificate,",300.0,https://internshala.com/internship/detail/recruitment-work-from-home-job-internship-at-marpu-foundation1673347697
English Teaching,Agaadh Foundation,"Work From Home,",Immediately,6 Months,Unpaid,24 Jan' 23,0.0,"English Proficiency (Spoken),MS-PowerPoint,","Certificate,Letter of recommendation,Flexible work hours,5 days a week,",2.0,https://internshala.com/internship/detail/english-teaching-work-from-home-job-internship-at-agaadh-foundation1673349036
Public Relations &amp; Collaboration,Suvidha Foundation,"Work From Home,",Immediately,1 Month,Unpaid,24 Jan' 23,507.0,,"Certificate,Letter of recommendation,",5.0,https://internshala.com/internship/detail/public-relations-collaboration-work-from-home-job-internship-at-suvidha-foundation1673337146
Digital Marketing,Suvidha Foundation,"Work From Home,",Immediately,1 Month,Unpaid,24 Jan' 23,711.0,,"Certificate,Letter of recommendation,",10.0,https://internshala.com/internship/detail/digital-marketing-work-from-home-job-internship-at-suvidha-foundation1673337064
Content Writing,Suvidha Foundation,"Work From Home,",Immediately,2 Weeks,Unpaid,24 Jan' 23,558.0,"English Proficiency (Spoken),English Proficiency (Written),","Certificate,Letter of recommendation,",10.0,https://internshala.com/internship/detail/content-writing-work-from-home-job-internship-at-suvidha-foundation1673336344
Program Management,Radix Educational Trust,"Work From Home,",Immediately,3 Months,Unpaid,24 Jan' 23,0.0,,"Certificate,Letter of recommendation,Flexible work hours,5 days a week,",10.0,https://internshala.com/internship/detail/program-management-work-from-home-job-internship-at-radix-educational-trust1673251725
Social Media Marketing,Tillotoma Foundation,"Work From Home,",Immediately,1 Month,Unpaid,24 Jan' 23,37.0,"Creative Writing,Digital Marketing,Email Marketing,English Proficiency (Written),Facebook Marketing,Instagram Marketing,LinkedIn Marketing,Search Engine Marketing (SEM),Search Engine Optimization (SEO),Social Media Marketing,","Certificate,Letter of recommendation,Flexible work hours,",30.0,https://internshala.com/internship/detail/social-media-marketing-work-from-home-job-internship-at-tillotoma-foundation1673285168
Aerospace Engineering (Rocket Structure Design/Propulsion),Aero2Astro,"Work From Home,",Immediately,6 Months,Unpaid,24 Jan' 23,102.0,"ANSYS,C++ Programming,CAD,C Programming,Linux,MATLAB,Python,","Certificate,Letter of recommendation,",6.0,https://internshala.com/internship/detail/aerospace-engineering-rocket-structure-design-propulsion-work-from-home-job-internship-at-aero2astro1673208486
Graphic Designing,Koru Foundation,"Work From Home,",Immediately,3 Months,Unpaid,24 Jan' 23,0.0,,"Certificate,Letter of recommendation,Flexible work hours,",2.0,https://internshala.com/internship/detail/graphic-designing-work-from-home-job-internship-at-koru-foundation1673109221
Psychology,International Institute Of SDGs &amp; Public Policy Research,"Work From Home,",Immediately,1 Month,Unpaid,24 Jan' 23,210.0,,"Certificate,Letter of recommendation,Flexible work hours,5 days a week,",15.0,https://internshala.com/internship/details/psychology-work-from-home-job-internship-at-international-institute-of-sdgs-public-policy-research1672924405
Human Resources (HR),Shakuntala Poddar Welfare Foundation,"Delhi,",Immediately,3 Months,Unpaid,24 Jan' 23,0.0,"English Proficiency (Spoken),English Proficiency (Written),Hindi Proficiency (Spoken),MS-Excel,MS-Office,MS-Word,","Certificate,Letter of recommendation,",4.0,https://internshala.com/internship/detail/human-resources-hr-part-time-job-internship-at-delhi-in-shakuntala-poddar-welfare-foundation1673278184
Campus Ambassador,Samarth TMSL,"Work From Home,",Immediately,6 Months,Performance Based,23 Jan' 23,74.0,,"Certificate,Letter of recommendation,Flexible work hours,",100.0,https://internshala.com/internship/detail/campus-ambassador-programme-at-samarth-tmsl1672235065
Campus Ambassador,Virgio,"Work From Home,",Immediately,3 Months,Performance Based,24 Jan' 23,63.0,"Content Marketing,Digital Marketing,Event Management,Social Media Marketing,","Certificate,Letter of recommendation,Flexible work hours,",20.0,https://internshala.com/internship/detail/campus-ambassador-programme-at-virgio1673267844
Psychology,Rail Bikash Manch (NGO),"Work From Home,",Immediately,3 Months,Unpaid,23 Jan' 23,35.0,"American English,Assamese Proficiency (Spoken),Assamese Proficiency (Written),British English,Hindi Proficiency (Spoken),Hindi Proficiency (Written),","Certificate,Letter of recommendation,Flexible work hours,",100.0,https://internshala.com/internship/detail/psychology-work-from-home-job-internship-at-rail-bikash-manch-ngo1673266183
Campus Ambassador,DIGIBROS,"Work From Home,",Immediately,2 Months,Performance Based,23 Jan' 23,0.0,"Client Relationship,Event Management,Sales and Marketing,","Certificate,Letter of recommendation,Flexible work hours,5 days a week,",6.0,https://internshala.com/internship/detail/campus-ambassador-programme-at-digibros1673073944
Fundraising,I Educate Myself Daily Foundation,"Work From Home,",Immediately,1 Month,Unpaid,23 Jan' 23,0.0,"English Proficiency (Spoken),English Proficiency (Written),","Certificate,Letter of recommendation,Flexible work hours,",100.0,https://internshala.com/internship/detail/fundraising-work-from-home-job-internship-at-i-educate-myself-daily-foundation1673070330
Campus Ambassador,GoWow Club Private Limited,"Work From Home,",Immediately,2 Months,Performance Based,23 Jan' 23,0.0,"Digital Marketing,English Proficiency (Spoken),English Proficiency (Written),Social Media Marketing,","Certificate,Letter of recommendation,Flexible work hours,5 days a week,",10.0,https://internshala.com/internship/detail/campus-ambassador-programme-at-gowow-club-private-limited1673026224
Video Editing &amp; Subtitle Translation,NewBeginnings Charitable Trust,"Work From Home,",Immediately,2 Weeks,Unpaid,23 Jan' 23,32.0,"Telugu Proficiency (Written),Video Editing,","Certificate,Letter of recommendation,Flexible work hours,",4.0,https://internshala.com/internship/detail/video-editing-subtitle-translation-work-from-home-job-internship-at-newbeginnings-charitable-trust1673262699
Human Resources (HR),SK Children Foundation,"Work From Home,",Immediately,4 Months,Unpaid,23 Jan' 23,0.0,,"Certificate,Letter of recommendation,Flexible work hours,",4.0,https://internshala.com/internship/detail/human-resources-hr-work-from-home-job-internship-at-sk-children-foundation1673240320
Law/Legal,Reddy's Law Chambers,"Bangalore,",Immediately,1 Month,Unpaid,23 Jan' 23,40.0,"English Proficiency (Spoken),English Proficiency (Written),MS-Office,","Certificate,Letter of recommendation,Flexible work hours,Job offer,",4.0,https://internshala.com/internship/detail/law-legal-part-time-job-internship-at-bangalore-in-reddys-law-chambers1673070273
Campus Ambassador,Mywbut.com,"Work From Home,",Immediately,6 Months,Performance Based,23 Jan' 23,0.0,,"Certificate,Letter of recommendation,Flexible work hours,",25.0,https://internshala.com/internship/detail/campus-ambassador-programme-at-mywbutcom1673259139
Content Writing,Earth5R,"Work From Home,",Immediately,3 Months,Unpaid,23 Jan' 23,70.0,"Copywriting,Creative Writing,English Proficiency (Written),","Certificate,Letter of recommendation,Flexible work hours,5 days a week,",2.0,https://internshala.com/internship/detail/content-writing-work-from-home-job-internship-at-earth5r1673257942
Marketing Management,Garg Foundation,"Work From Home,",Immediately,3 Months,Unpaid,23 Jan' 23,0.0,"English Proficiency (Spoken),MS-Office,","Certificate,Flexible work hours,",19.0,https://internshala.com/internship/detail/marketing-management-work-from-home-job-internship-at-garg-foundation1673181879
Environmental Sciences,Earth5R,"Work From Home,",Immediately,6 Months,Unpaid,13 Feb' 23,134.0,"English Proficiency (Written),","Certificate,Letter of recommendation,Flexible work hours,5 days a week,",10.0,https://internshala.com/internship/detail/environmental-sciences-work-from-home-job-internship-at-earth5r1673257740
Fundraising,Boddhi Tree Foundation,"Work From Home,",Immediately,1 Month,Unpaid,23 Jan' 23,0.0,,"Certificate,Flexible work hours,",10.0,https://internshala.com/internship/detail/fundraising-work-from-home-job-internship-at-boddhi-tree-foundation1673252410
Library Science,Karytron Electricals Private Limited,"Work From Home,",Immediately,1 Month,Unpaid,23 Jan' 23,0.0,"Bengali Proficiency (Written),Gujarati Proficiency (Written),Hindi Proficiency (Written),Kannada Proficiency (Written),Marathi Proficiency(Written),Tamil Proficiency (Written),Telugu Proficiency (Written),","Certificate,",12.0,https://internshala.com/internship/detail/library-science-work-from-home-job-internship-at-karytron-electricals-private-limited1673126595
Human Resources (HR),Indian Awaz Foundation,"Work From Home,",Immediately,3 Months,Unpaid,23 Jan' 23,0.0,"English Proficiency (Spoken),English Proficiency (Written),MS-Excel,MS-Office,MS-Word,","Certificate,Letter of recommendation,Flexible work hours,5 days a week,",2.0,https://internshala.com/internship/detail/human-resources-hr-work-from-home-job-internship-at-indian-awaz-foundation1673117389
Social Media Marketing,Embrace Learning Foundation,"Work From Home,",Immediately,3 Months,Unpaid,23 Jan' 23,0.0,"Content Marketing,Digital Marketing,Social Media Marketing,","Certificate,Letter of recommendation,Flexible work hours,5 days a week,Job offer,",4.0,https://internshala.com/internship/detail/social-media-marketing-work-from-home-job-internship-at-embrace-learning-foundation1673244601
Campus Ambassador,Commondove,"Work From Home,",Immediately,1 Month,Performance Based,23 Jan' 23,43.0,,"Certificate,Flexible work hours,",25.0,https://internshala.com/internship/detail/campus-ambassador-programme-at-commondove1673077842
General Management,Adore India,"Work From Home,",Immediately,3 Months,Unpaid,23 Jan' 23,0.0,,"Certificate,Flexible work hours,",18.0,https://internshala.com/internship/detail/general-management-work-from-home-job-internship-at-adore-india1673182433
Social Work,Umeed Charitable Trust,"Kota, Mohali, Mumbai,",Immediately,6 Months,Unpaid,23 Jan' 23,0.0,,"Certificate,Letter of recommendation,Flexible work hours,",20.0,https://internshala.com/internship/detail/social-work-internship-in-multiple-locations-at-umeed-charitable-trust1673181818
Social Media Management and Marketing,Swabhiman (State Disability Information And Resource Center),"Work From Home,",Immediately,3 Months,Unpaid,22 Jan' 23,0.0,,"Certificate,Letter of recommendation,",1.0,https://internshala.com/internship/detail/social-media-management-and-marketing-work-from-home-job-internship-at-swabhiman-state-disability-information-and-resource-center1673193682
Teaching/Field Work Volunteering,Raksh Foundation,"Noida,",Immediately,2 Months,Unpaid,22 Jan' 23,0.0,"English Proficiency (Spoken),Hindi Proficiency (Spoken),Mathematics,","Certificate,Letter of recommendation,",4.0,https://internshala.com/internship/detail/teaching-field-work-volunteering-part-time-job-internship-at-noida-in-raksh-foundation1673118481
Fundraising,XcitEducation Foundations,"Work From Home,",Immediately,3 Months,Unpaid,22 Jan' 23,0.0,,"Certificate,Letter of recommendation,Flexible work hours,5 days a week,",20.0,https://internshala.com/internship/detail/fundraising-work-from-home-job-internship-at-xciteducation-foundations1673103447
Project Development,Jharkhand Mahila Jagriti,"Work From Home,",Immediately,2 Months,Unpaid,22 Jan' 23,0.0,,"Certificate,Letter of recommendation,Flexible work hours,5 days a week,",4.0,https://internshala.com/internship/detail/project-development-work-from-home-job-internship-at-jharkhand-mahila-jagriti1673103088
Video Making/Editing,Trulyhelp Foundation,"Delhi,",Immediately,2 Months,Unpaid,22 Jan' 23,0.0,"Adobe After Effects,Adobe Illustrator,Adobe Photoshop,Adobe Premiere Pro,Video Editing,Video Making,","Certificate,Letter of recommendation,Flexible work hours,Informal dress code,5 days a week,",2.0,https://internshala.com/internship/detail/video-making-editing-internship-in-delhi-at-trulyhelp-foundation1673092404
Social Media Marketing,I Educate Myself Daily Foundation,"Work From Home,",Immediately,2 Weeks,Unpaid,21 Jan' 23,68.0,,"Certificate,Letter of recommendation,Flexible work hours,",100.0,https://internshala.com/internship/detail/social-media-marketing-work-from-home-job-internship-at-i-educate-myself-daily-foundation1673070241
Volunteering,ITEE Cyber Welfare Society,"Work From Home,",Immediately,2 Months,Unpaid,21 Jan' 23,0.0,"Adobe Photoshop,MS-Excel,MS-Office,MS-PowerPoint,MS-Word,Social Media Marketing,","Certificate,Letter of recommendation,Flexible work hours,5 days a week,",20.0,https://internshala.com/internship/detail/volunteering-work-from-home-job-internship-at-itee-cyber-welfare-society1673067062
Human Resources (HR),Suvidha Foundation,"Work From Home,",Immediately,2 Months,Unpaid,21 Jan' 23,553.0,,"Certificate,Letter of recommendation,",25.0,https://internshala.com/internship/detail/human-resources-hr-work-from-home-job-internship-at-suvidha-foundation1673101736
Artificial Neural Networks,ABCOM Information Systems Private Limited,"Work From Home,",Immediately,3 Months,Unpaid,21 Jan' 23,141.0,"Natural Language Processing (NLP),Neural Networks,","Certificate,Letter of recommendation,Flexible work hours,",5.0,https://internshala.com/internship/detail/artificial-neural-networks-work-from-home-job-internship-at-abcom-information-systems-private-limited1673004894
Graphic Design,Dream Bharat Foundation,"Work From Home,",Immediately,1 Month,Unpaid,21 Jan' 23,87.0,"Canva,","Certificate,Letter of recommendation,Flexible work hours,5 days a week,",10.0,https://internshala.com/internship/detail/graphic-design-work-from-home-job-internship-at-dream-bharat-foundation1673093378
Law/Legal,Augustus Law,"Kolkata,",Immediately,3 Months,Unpaid,21 Jan' 23,0.0,"English Proficiency (Spoken),English Proficiency (Written),MS-Word,","Certificate,",2.0,https://internshala.com/internship/detail/law-legal-internship-in-kolkata-at-augustus-law1673005647
HR Analysis,Simmi Foundation Organization,"Work From Home,",Immediately,3 Months,Unpaid,21 Jan' 23,39.0,"English Proficiency (Spoken),English Proficiency (Written),Hindi Proficiency (Spoken),MS-Excel,MS-Office,","Certificate,Letter of recommendation,Flexible work hours,5 days a week,",15.0,https://internshala.com/internship/detail/hr-analysis-work-from-home-job-internship-at-simmi-foundation-organization1673024132
Graphic Design,Dhatri Patra Foundation,"Work From Home,",Immediately,1 Month,Unpaid,21 Jan' 23,57.0,"Adobe Illustrator,Adobe Photoshop,","Certificate,Letter of recommendation,Flexible work hours,5 days a week,",3.0,https://internshala.com/internship/detail/graphic-design-work-from-home-job-internship-at-dhatri-patra-foundation1673008915
Blog Writing,Steer For Change Foundation,"Work From Home,",Immediately,6 Months,Unpaid,21 Jan' 23,0.0,"Creative Writing,","Certificate,Letter of recommendation,",20.0,https://internshala.com/internship/detail/blog-writing-work-from-home-job-internship-at-steer-for-change-foundation1673020894
Human Resources (HR),Listening Inn Foundation,"Work From Home,",Immediately,4 Months,Unpaid,21 Jan' 23,0.0,"English Proficiency (Spoken),English Proficiency (Written),Recruitment,","Certificate,Letter of recommendation,Flexible work hours,",2.0,https://internshala.com/internship/detail/human-resources-hr-work-from-home-job-internship-at-listening-inn-foundation1672999354
Content Writing,Listening Inn Foundation,"Work From Home,",Immediately,3 Months,Unpaid,21 Jan' 23,0.0,"English Proficiency (Written),WordPress,","Certificate,Letter of recommendation,Flexible work hours,",2.0,https://internshala.com/internship/detail/content-writing-work-from-home-job-internship-at-listening-inn-foundation1672999330
Content Writing,Step Up Helping Hands,"Work From Home,",Immediately,3 Months,Unpaid,21 Jan' 23,0.0,"Blogging,Creative Writing,English Proficiency (Written),","Certificate,Letter of recommendation,Flexible work hours,5 days a week,",1.0,https://internshala.com/internship/detail/content-writing-work-from-home-job-internship-at-step-up-helping-hands1672993193
Fundraising,Trulyhelp Foundation,"Work From Home,",Immediately,2 Months,Unpaid,25 Jan' 23,29.0,"English Proficiency (Spoken),English Proficiency (Written),Sales and Marketing,","Certificate,Letter of recommendation,Flexible work hours,",20.0,https://internshala.com/internship/detail/fundraising-work-from-home-job-internship-at-trulyhelp-foundation1672913225
Campus Ambassador,Sunstone Education Technology Private Limited,"Work From Home,",Immediately,5 Months,Performance Based,8 Feb' 23,810.0,"English Proficiency (Spoken),English Proficiency (Written),","Certificate,Letter of recommendation,Flexible work hours,",100.0,https://internshala.com/internship/detail/campus-ambassador-programme-at-sunstone-education-technology-private-limited1672826236
Social Work,Speak Up World Foundation,"Work From Home,",Immediately,1 Month,Unpaid,31 Jan' 23,249.0,"MS-Excel,MS-PowerPoint,MS-Word,","Certificate,Letter of recommendation,Flexible work hours,",500.0,https://internshala.com/internship/detail/social-work-work-from-home-job-internship-at-speak-up-world-foundation1672640662
Campus Ambassador,Meet7 - India's First Speed Dating App,"Delhi, Pune, Bangalore, Mumbai,",Immediately,3 Months,Performance Based,6 Feb' 23,36.0,"Digital Marketing,English Proficiency (Spoken),English Proficiency (Written),Social Media Marketing,","Certificate,Letter of recommendation,Flexible work hours,",30.0,https://internshala.com/internship/detail/campus-ambassador-programme-at-meet7-indias-first-speed-dating-app1672313506
Campus Ambassador,ChatWise UK Limited,"Work From Home,",Immediately,1 Month,Performance Based,31 Jan' 23,0.0,"Social Media Marketing,","Certificate,Letter of recommendation,Flexible work hours,5 days a week,",200.0,https://internshala.com/internship/detail/campus-ambassador-programme-at-chatwise-uk-limited1671980208
Psychology Research (Relationships),Krsh Welfare Foundation,"Work From Home,",Immediately,1 Month,Unpaid,30 Jan' 23,164.0,"Research and Analytics,","Certificate,Letter of recommendation,Flexible work hours,5 days a week,",5.0,https://internshala.com/internship/detail/psychology-research-relationships-work-from-home-job-internship-at-krsh-welfare-foundation1672032153
Campus Ambassador,Kads Consultancy,"Work From Home,",Immediately,2 Months,Performance Based,30 Jan' 23,305.0,"Digital Marketing,English Proficiency (Spoken),English Proficiency (Written),Social Media Marketing,","Certificate,Letter of recommendation,Flexible work hours,5 days a week,",20.0,https://internshala.com/internship/detail/campus-ambassador-programme-at-kads-consultancy1672026026
Campus Ambassador,"GREAT STEP, IIT Kharagpur","Work From Home,",Immediately,2 Months,Performance Based,30 Jan' 23,167.0,"Digital Marketing,English Proficiency (Spoken),English Proficiency (Written),Social Media Marketing,","Certificate,Letter of recommendation,Flexible work hours,5 days a week,",300.0,https://internshala.com/internship/detail/campus-ambassador-programme-at-great-step-iit-kharagpur1671284176
Campus Ambassador,MastersBuddy,"Ahmedabad, Dehradun, Pune, Ranchi, Surat, Raipur, Baroda,",Immediately,1 Month,Performance Based,26 Jan' 23,174.0,"Digital Marketing,English Proficiency (Spoken),English Proficiency (Written),Social Media Marketing,","Certificate,Letter of recommendation,Flexible work hours,5 days a week,",25.0,https://internshala.com/internship/detail/campus-ambassador-programme-at-mastersbuddy1671628203
Campus Ambassador,Phnk Networks,"Work From Home,",Immediately,1 Month,Performance Based,26 Jan' 23,87.0,"Digital Marketing,Social Media Marketing,","Certificate,Letter of recommendation,Flexible work hours,",10.0,https://internshala.com/internship/detail/campus-ambassador-programme-at-phnk-networks1671508986
Psychology Research (Mood Swings),Krsh Welfare Foundation,"Work From Home,",Immediately,1 Month,Unpaid,25 Jan' 23,403.0,"Research and Analytics,","Certificate,Letter of recommendation,Flexible work hours,5 days a week,",15.0,https://internshala.com/internship/detail/psychology-research-mood-swings-work-from-home-job-internship-at-krsh-welfare-foundation1671599318
Campus Ambassador,Inari Shines,"Work From Home,",Immediately,2 Months,Performance Based,21 Jan' 23,244.0,"Social Media Marketing,","Certificate,Flexible work hours,",20.0,https://internshala.com/internship/detail/campus-ambassador-programme-at-inari-shines1671177366
Psychology Research (Social Anxiety),Krsh Welfare Foundation,"Work From Home,",Immediately,1 Month,Unpaid,23 Jan' 23,478.0,"Research and Analytics,","Certificate,Letter of recommendation,Flexible work hours,5 days a week,",15.0,https://internshala.com/internship/detail/psychology-research-social-anxiety-work-from-home-job-internship-at-krsh-welfare-foundation1671419356
Convolution Neural Network,Bit Brothers,"Work From Home,",Immediately,6 Months,Unpaid,23 Jan' 23,527.0,"Computer Vision,Deep Learning,Image Processing,Machine Learning,Neural Networks,Python,","Certificate,Letter of recommendation,5 days a week,Job offer,",10.0,https://internshala.com/internship/detail/convolution-neural-network-work-from-home-job-internship-at-bit-brothers1671126430
Legal Research,Karytron Electricals Private Limited,"Work From Home,",Immediately,1 Month,Unpaid,22 Jan' 23,316.0,"English Proficiency (Written),Hindi Proficiency (Written),MS-Word,","Certificate,Flexible work hours,",10.0,https://internshala.com/internship/detail/legal-research-work-from-home-job-internship-at-karytron-electricals-private-limited1670999277
